-- phpMyAdmin SQL Dump
-- version 4.9.0.1
-- https://www.phpmyadmin.net/
--
-- Host: 127.0.0.1
-- Generation Time: May 06, 2021 at 05:43 AM
-- Server version: 10.4.6-MariaDB
-- PHP Version: 7.1.32

SET SQL_MODE = "NO_AUTO_VALUE_ON_ZERO";
SET AUTOCOMMIT = 0;
START TRANSACTION;
SET time_zone = "+00:00";


/*!40101 SET @OLD_CHARACTER_SET_CLIENT=@@CHARACTER_SET_CLIENT */;
/*!40101 SET @OLD_CHARACTER_SET_RESULTS=@@CHARACTER_SET_RESULTS */;
/*!40101 SET @OLD_COLLATION_CONNECTION=@@COLLATION_CONNECTION */;
/*!40101 SET NAMES utf8mb4 */;

--
-- Database: `crepes`
--

-- --------------------------------------------------------

--
-- Table structure for table `application`
--

CREATE TABLE `application` (
  `id` int(11) NOT NULL,
  `name` varchar(255) DEFAULT NULL,
  `descr` varchar(255) DEFAULT NULL
) ENGINE=InnoDB DEFAULT CHARSET=latin1;

--
-- Dumping data for table `application`
--

INSERT INTO `application` (`id`, `name`, `descr`) VALUES
(6, 'CASAS PROD', NULL),
(7, 'CASAS UAT', NULL),
(8, 'CASAS DEV', NULL),
(9, 'CASAS TEST', NULL),
(10, 'CAPES PROD', NULL),
(11, 'CAPES UAT', NULL),
(12, 'CAPES DEV', NULL),
(13, 'CAPES TEST', NULL);

-- --------------------------------------------------------

--
-- Table structure for table `containers`
--

CREATE TABLE `containers` (
  `id` int(11) NOT NULL,
  `hostfact_id` int(11) DEFAULT NULL,
  `container_type_id` int(11) DEFAULT NULL,
  `application_id` int(11) DEFAULT NULL,
  `server_role_id` int(11) DEFAULT NULL
) ENGINE=InnoDB DEFAULT CHARSET=latin1;

-- --------------------------------------------------------

--
-- Table structure for table `container_type`
--

CREATE TABLE `container_type` (
  `id` int(11) NOT NULL,
  `name` varchar(255) DEFAULT NULL,
  `descr` varchar(255) DEFAULT NULL
) ENGINE=InnoDB DEFAULT CHARSET=latin1;

--
-- Dumping data for table `container_type`
--

INSERT INTO `container_type` (`id`, `name`, `descr`) VALUES
(1, 'Apache', NULL),
(2, 'WebLogic', NULL),
(3, 'Wildfly', 'Version 8.0');

-- --------------------------------------------------------

--
-- Table structure for table `dns_hosts`
--

CREATE TABLE `dns_hosts` (
  `id` int(11) NOT NULL,
  `dns` varchar(255) DEFAULT NULL,
  `caption` varchar(255) DEFAULT NULL
) ENGINE=InnoDB DEFAULT CHARSET=latin1;

--
-- Dumping data for table `dns_hosts`
--

INSERT INTO `dns_hosts` (`id`, `dns`, `caption`) VALUES
(1, 'HcdFRS01.Router.hcd.ca.gov', 'Router - HQ HCDFRS01 - C3CGNSAC046R2 '),
(2, 'hcdsaofoswitch.switch.hcd.ca.gov', 'Switch CsFoRiv'),
(3, 'mail2.hcd.ca.gov', 'Mail Barracuda Fail-Over Active'),
(4, 'mail1.hcd.ca.gov', 'Mail Barracuda Fail-Over Passive'),
(5, 'Hcd3701a.Router.hcd.ca.gov', 'Router FO ECA Hcd3701a - C3CGNCJN001R2'),
(6, 'Hcd3301a.Router.hcd.ca.gov', 'Router FO RIV Hcd3301a - C3CGNRAL023R3'),
(7, '71.TenGigE0-3-0-12.GW6.SCL2.ALTER.NET', 'Verizon Otech GigabitEthernet0-3.GW9.SAC1.Alter.net'),
(8, 'Hcd4001a.Router.hcd.ca.gov', 'Router FO SLO Hcd4001a - C3CGNCSL006R1'),
(9, 'Hcd3402a.Router.hcd.ca.gov', 'Router FO SAC Hcd3402a - C3CGNSAC007R2'),
(10, 'WEBPRODINT2', 'Web WebProdInt2'),
(11, 'dp9240.switch.hcd.ca.gov', 'Switch CsFoSlo'),
(12, 'paloalto.hcd.ca.gov', 'Security Firewall PaloAlto'),
(13, 'BosReports.hcd.ca.gov', 'Database App Crystal BosReports'),
(14, 'Sentinal1.Router.hcd.ca.gov', 'Firewall HQ Sentinel1'),
(15, 'WASP.hcd.ca.gov', 'Database App WASP'),
(16, '4thFloorEastA1.hcd.ca.gov', 'SAN CS260 Dept-Wide HQ Diag Port'),
(17, 'nimble-cs260-hq-diag2.hcd.ca.gov', 'Switch ILO MDF Rack 1'),
(18, 'nimble-cs300-hq.hcd.ca.gov', 'SAN CS300-Dept-Wide HQ'),
(19, 'HCDVS04.hcd.ca.gov', 'VS Host TMS-P HcdVs04'),
(20, 'paloalto_101.hcd.ca.gov', 'Firewall paloalto_101.hcd.ca.gov'),
(21, 'CARDKEY1', 'Security Cardkey1'),
(22, 'hcdsecuritycams.security.hcd.ca.gov', 'Security HcdSecurityCams'),
(23, 'nimble-cs300-dr.hcd.ca.gov', 'SAN CS300-Dept-Wide TMS-P'),
(24, 'CAuditor.hcd.ca.gov', 'Security CAuditor'),
(25, 'hcdecafoswitch.switch.hcd.ca.gov', 'Switch CsFoEca dp11060'),
(26, 'dp11044.switch.hcd.ca.gov', 'Switch CsFoSac'),
(27, 'NetbotzHqMdf.ilo.hcd.ca.gov', 'Monitor NetbotzHq'),
(28, 'HpSwitchManager.hcd.ca.gov', 'Monitor HpSwitchManager'),
(29, 'CASAS2UATDB.hcd.ca.gov', 'Database CASAS2UATDB'),
(30, 'nimble-cs260-hq.hcd.ca.gov', 'SAN CS260-OracleProd HQ'),
(31, '', 'Switch iSCSI Rack1'),
(32, 'bd8806_052.switch.hcd.ca.gov', 'Router-BD-8806-Backbone Switch'),
(33, 'HCDVS03.hcd.ca.gov', 'VS Host TMS-P HcdVs03'),
(34, 'hcdvs01dr.hcd.ca.gov', 'VS Host HcdVs01dr'),
(35, 'nimble-cs260-dr.hcd.ca.gov', 'SAN CS260-OracleProd TMS-P'),
(36, 'hcdvs02.ilo.hcd.ca.gov', 'ILO HcdVs02 JPFX8V1'),
(37, 'hcdvs07.ilo.hcd.ca.gov', 'ILO HcdVs07 JPFV8V1'),
(38, 'hcdvs04.ilo.hcd.ca.gov', 'ILO HcdVs04 JPFY8V1'),
(39, 'oraclevhost3.ilo.hcd.ca.gov', 'ILO OracleVhost3 C63VFZ1'),
(40, 'webproduction1.ilo.hcd.ca.gov', 'ILO WebProduction1 C5YSFZ1'),
(41, 'hcdvs01.ilo.hcd.ca.gov', 'ILO HcdVs01 C63WFZ1'),
(42, 'hcdvs03.ilo.hcd.ca.gov', 'ILO HcdVs03 C64TFZ1'),
(43, 'sqlprod.ilo.hcd.ca.gov', 'ILO SqlProd JFX1BP1'),
(44, 'webproduction2.ilo.hcd.ca.gov', 'ILO WebProduction2 CBVTXR1 '),
(45, 'SqlProd.hcd.ca.gov', 'Database SqlProd'),
(46, '', 'Firewall HQ Sentinel2'),
(47, 'hcdvs07.hcd.ca.gov', 'VS Host HcdVs07'),
(48, 'oraclevhost4.ilo.hcd.ca.gov', 'ILO OracleVHost4 FVDWP22'),
(49, 'oraclevhost5.ilo.hcd.ca.gov', 'ILO OracleVHost5 FVBWP22'),
(50, 'ORACLEVHOST4.hcd.ca.gov', 'VS Host TMS-P OracleVhost4'),
(51, 'ORACLEVHOST5.hcd.ca.gov', 'VS Host TMS-P OracleVhost5'),
(52, 'newfiles.ilo.hcd.ca.gov', 'ILO HqFiles FV8XP22'),
(53, 'hqfiles.hcd.ca.gov', 'Files HqFiles'),
(54, 'WebProduction1.hcd.ca.gov', 'VS Host TMS-P WebProduction1'),
(55, 'www.hcd.ca.gov', 'Web WebSiteExt2'),
(56, 'EdgeFirewall.Router.hcd.ca.gov', 'Firewall TMS-P EdgeFirewall ifw01-hcd'),
(57, 'ProdFirewall.Router.hcd.ca.gov', 'Firewall TMS-P ProdFirewall p01-fw01-hcd'),
(58, 'casas2uatextwl.hcd.ca.gov', 'Web Casas2UATextWL'),
(59, 'nimble-cs220-hq.hcd.ca.gov', 'SAN CS220-Dept-Wide HQ'),
(60, 'CASAS2PRODDB.hcd.ca.gov', 'Database Casas2ProdDB'),
(61, 'nimble-cs220-dr.hcd.ca.gov', 'SAN CS220-OracleProd TMS-P'),
(62, 'WEBPRODINT.hcd.ca.gov', 'Web WEBPRODINT'),
(63, 'CAPESPRODDB.hcd.ca.gov', 'Database CAPESPRODDB'),
(64, 'CAPESTestWL.hcd.ca.gov', 'Web CapesTestWl'),
(65, 'HcdTrackit.hcd.ca.gov', 'HCDTRACKIT'),
(66, 'CASAS2TestWL.hcd.ca.gov', 'CASAS2TESTWL'),
(67, 'Casas2TestDB.hcd.ca.gov', 'Database CASAS2TESTDB'),
(68, 'Kraken.hcd.ca.gov', 'KRAKEN'),
(69, 'oraclevhost2.hcd.ca.gov', 'VS Host OraclevHost2'),
(70, 'webtestint.hcd.ca.gov', 'WEBTESTINT'),
(71, 'EntReporter.hcd.ca.gov', 'EntReporter'),
(72, 'DP14926.hcd.ca.gov', 'OptiView-a313d9'),
(73, 'HCDPRINT01.hcd.ca.gov', 'Print HCDPRINT01'),
(74, 'HCDExchange2016.hcd.ca.gov', 'Mail HCDExchange2016'),
(75, 'HCDAAD.hcd.ca.gov', 'Mail HCDAAD.hcd.ca.gov'),
(76, '2016hcddc02.hcd.ca.gov', 'DC HQ 2016HcdDc02'),
(77, 'VaCollector.hcd.ca.gov', 'Citrix VaCollector'),
(78, 'DeliveryCon1.hcd.ca.gov', 'Citrix DeliveryCon1'),
(79, 'CitrixLicense.hcd.ca.gov', 'Citrix CitrixLicense'),
(80, 'CitrixVDA.hcd.ca.gov', 'Citrix CitrixVDA'),
(81, 'StoreFront.hcd.ca.gov', 'Citrix StoreFront'),
(82, 'PEGAPRODWL.hcd.ca.gov', 'PEGAPRODWL'),
(83, 'PEGAPRODDB.hcd.ca.gov', 'Database PEGAPRODDB'),
(84, 'oraclevhost2.ilo.hcd.ca.gov', 'ILO OraclevHost2'),
(85, '2016hcddc01.hcd.ca.gov', 'DC HQ 2016hcddc01'),
(86, '2016hcddc01.ilo.hcd.ca.gov', 'ILO 2016HcdDc01-JRTWMD2'),
(87, '', '165.235.52.48'),
(88, 'nimble-cs300-hq-diag2.hcd.ca.gov', 'nimble-cs300-hq-diag2.hcd.ca.gov'),
(89, '', '165.235.52.224'),
(90, '2016hcddc03.ilo.hcd.ca.gov', 'ILO 2016HcdDc03-JRTVMD2'),
(91, '2016HCDDC04.hcd.ca.gov', 'DC TMS-P 2016HcdDc04'),
(92, '2016hcddc03.hcd.ca.gov', 'DC TMS-P 2016hcddc03'),
(93, 'Solarwinds2016.hcd.ca.gov', 'Solarwinds2016'),
(94, 'NPAS-OraVH4.hcd.ca.gov', 'NPAS-OraVH4'),
(95, '', 'WAP FO RIV dp11823'),
(96, 'UniFi2016.WifiSecure.hcd.ca.gov', 'UniFi2016'),
(97, '2016NPS.hcd.ca.gov', '2016NPS'),
(98, 'HQ2020FLR3_TEST_SWITCH.hcd.ca.gov', '4FNDP14728'),
(99, '2016NPS2.hcd.ca.gov', '2016NPS2'),
(100, '2016hcdcert1.hcd.ca.gov', '2016HCDCERT1'),
(101, '2016hcdcert2.hcd.ca.gov', '2016HCDCERT2'),
(102, 'HcdVs05.ilo.hcd.ca.gov', 'ILO HcdVs05-FJ2BKB2'),
(103, '', 'HCDVS05'),
(104, 'lubuntu.hcd.ca.gov', 'AirWave.hcd.ca.gov'),
(105, 'ClearPass1.hcd.ca.gov', 'ClearPass1.hcd.ca.gov'),
(106, 'apcFC0D57.ilo.hcd.ca.gov', 'apcFC0D57_Rack3'),
(107, 'apcFC25BF.ilo.hcd.ca.gov', 'apcFC25BF_Rack2'),
(108, 'NetbotzHqUps.ilo.hcd.ca.gov', 'NetbotzHqUps'),
(109, 'DP13577.hcd.ca.gov', 'apcFDA24B_Rack1'),
(110, 'MitsubishiUps.ilo.hcd.ca.gov', 'HCD_2020_UPS'),
(111, 'CASAS2UATWLExt2.hcd.ca.gov', 'CASAS2UATWLEXT2'),
(112, 'ImageCenter.hcd.ca.gov', 'IMAGECENTER'),
(113, 'HETSDevWL.hcd.ca.gov', 'HETSDEVWL'),
(114, 'CASAS2PrdWLInt2.hcd.ca.gov', 'CASAS2PRDWLINT2'),
(115, 'thycotic1.hcd.ca.gov', 'THYCOTIC1'),
(116, 'Firebird.hcd.ca.gov', 'FIREBIRD'),
(117, '2016SQLTMSP.hcd.ca.gov', '2016SQLTMSP'),
(118, 'Nimble-AF3000-DR.hcd.ca.gov', 'NIMBLE-AF3000-DR'),
(119, 'CASAS2ProdIntJS.hcd.ca.gov', 'CASAS2PRODINTJS'),
(120, 'bd8806.switch.hcd.ca.gov', 'Switch-ARUBA-HQ2020FLR1E'),
(121, '', 'Switch-ARUBA-HQ2020FLR1W'),
(122, '', '6FNEDP14709'),
(123, 'cs2proddb2.hcd.ca.gov', 'CS2PRODDB2'),
(124, 'cs2uatdb2.hcd.ca.gov', 'CS2UATDB2'),
(125, 'CS2TESTDB2.hcd.ca.gov', 'CS2TESTDB2'),
(126, 'HetsUATWL.hcd.ca.gov', 'HETSUATWL'),
(127, 'HetsTestWL.hcd.ca.gov', 'HETSTESTWL'),
(128, '', '5FNWDP14705'),
(129, '', '2FSEDP14702'),
(130, '', '3FSDP14712'),
(131, '', '2FNEDP14721'),
(132, '', '2FSWDP14731'),
(133, '', '2FNWDP14730'),
(134, 'alpine3808_235.wifisecure.hcd.ca.gov', 'Router HQ USG'),
(135, '', 'Switch Aruba-HQ2020FLR2W'),
(136, '', 'Switch ARUBA-HQ2020FLR2E'),
(137, '', 'Switch ARUBA-HQ2020FLR3W'),
(138, '', '4FNDP14728'),
(139, '', 'WAP HQ-5FNEDP14722'),
(140, '', '5FNDP14726'),
(141, '', '4FNEDP14716'),
(142, '', '6FNWDP14713'),
(143, '', '1FSEDP14706'),
(144, '', '4FSDP14727'),
(145, '', '4FSWDP14717'),
(146, '', '5FSWDP14711'),
(147, '', '5FSDP14708'),
(148, '', '5FSEDP14704'),
(149, '', '4FNWDP14718'),
(150, '', '6FNDP14707'),
(151, '', 'Switch ARUBA-HQ2020FLR3E'),
(152, '', 'Switch Aruba-HQ2020FLR4W'),
(153, '', 'Switch ARUBA-HQ2020FLR4E'),
(154, '', 'Switch ARUBA-HQ2020FLR5E'),
(155, '', '1FSWDP14703'),
(156, '', '1FSDP14714'),
(157, 'CS2TestWLExt2.hcd.ca.gov', 'CS2TESTWLEXT2'),
(158, 'CS2UATWLInt.hcd.ca.gov', 'CS2UATWLINT'),
(159, '', 'Switch Aruba-HQ2020FLR5W'),
(160, '', 'Switch ARUBA-HQ2020FLR6E'),
(161, '', 'WAP HQ-3FSEDP14343'),
(162, '', '2FNDP14388'),
(163, '', '3FNdp14387'),
(164, '', '3FNWdp14382'),
(165, '', '3FNEdp14389'),
(166, '', '6FEDP14390'),
(167, '', '2FSDP14383'),
(168, '', '3FSWDP14384'),
(169, '', '6FSEDP14392'),
(170, '', 'HDHost.hcd.ca.gov'),
(171, '', 'Switch ARUBA-HQ2020FLR6W'),
(172, '', '3FSEDP14688'),
(173, '', '6FSWDP14729'),
(174, '', '6FSDP14723'),
(175, 'HETSDEVDB.hcd.ca.gov', 'HETSDEVDB'),
(176, 'HDHost.ilo.hcd.ca.gov', 'ForcePoint'),
(177, 'HCDVS08.hcd.ca.gov', 'HCDVS08'),
(178, 'HCDVS06.hcd.ca.gov', 'HCDVS06'),
(179, 'FISCAL.hcd.ca.gov', 'FISCAL'),
(180, 'HCDHQ_MDF_ILO_RACK1.hcd.ca.gov', 'HCDHQ_MDF_ILO_RACK1'),
(181, 'HCDHQ_MDF_ILO_RACK3.hcd.ca.gov', 'HCDHQ_MDF_ILO_RACK3'),
(182, '3rdfloorsetup.switch.hcd.ca.gov', 'HQ2020FLR3_Network_Setup_Room'),
(183, 'sentinel4.hcd.ca.gov', 'Sentinel4'),
(184, 'sentinel3.hcd.ca.gov', 'Sentinel3'),
(185, 'PC12482.hcd.ca.gov', 'AN-210-SW-8-POE'),
(186, 'WebXtenderProd.hcd.ca.gov', 'WEBXTENDERPROD'),
(187, '', 'ARUBA-HCD-SAC-NAO-EXP-FO'),
(188, '', 'USG-NAO'),
(189, 'HetsProdWL.hcd.ca.gov', 'HETSPRODWL'),
(190, 'HcdVs06.ilo.hcd.ca.gov', 'HCDVS06'),
(191, 'HCDVS08.ilo.hcd.ca.gov', 'HCDVS08'),
(192, 'MDT.hcd.ca.gov', 'MDT'),
(193, 'ChangeAuditor.hcd.ca.gov', 'CHANGEAUDITOR'),
(194, 'HETSTestDB.hcd.ca.gov', 'HETSTESTDB'),
(195, 'PowerBIGC.hcd.ca.gov', 'POWERBIGC'),
(196, 'hetsproddb.hcd.ca.gov', 'HETSPRODDB'),
(197, 'HETSUATDB.hcd.ca.gov', 'HETSUATDB'),
(198, '', 'ARCGIS'),
(199, 'AdminCenter.hcd.ca.gov', 'ADMINCENTER'),
(200, 'capesdevdb.hcd.ca.gov', 'CAPESDEVDB'),
(201, 'capesdev.hcd.ca.gov', 'CAPESDEVWL'),
(202, 'hcdvs01dr.hcd.ca.gov', 'hcdvs01dr'),
(203, '', '3FCDP14386'),
(204, 'capesproddb2.hcd.ca.gov', 'CAPESPRODDB2'),
(205, 'capesprodwl2.hcd.ca.gov', 'CAPESPRODWL2'),
(206, 'capestestdb2.hcd.ca.gov', 'CAPESTESTDB2'),
(207, 'capesuatdb.hcd.ca.gov', 'CAPESUATDB'),
(208, 'RedmineITB.hcd.ca.gov', 'REDMINEITB'),
(209, 'capesuatwl.hcd.ca.gov', 'CAPESUATWL'),
(210, 'CS2ProdWLExt.hcd.ca.gov', 'CS2PRODWLEXT'),
(211, 'SQLSW.hcd.ca.gov', 'SQLSW'),
(212, 'SQLVar.hcd.ca.gov', 'SQLVAR'),
(213, '2016Varonis.hcd.ca.gov', '2016VARONIS'),
(214, 'Win2016mgmt1.hcd.ca.gov', 'WIN2016MGMT1'),
(215, 'SQLCA.hcd.ca.gov', 'SQLCA'),
(216, 'wsusws.hcd.ca.gov', 'WSUSWS'),
(217, '', 'UBNT'),
(218, '2nd-Flr-West-DFA-16509.switch.hcd.ca.gov', '3rdflooreast.ups.hcd.ca.gov'),
(219, 'apc0B9D07.switch.hcd.ca.gov', 'apc0B9D07'),
(220, 'apc0B9CC0.switch.hcd.ca.gov', 'apc0B9CC0'),
(221, 'apc0B9D10.switch.hcd.ca.gov', 'apc0B9D10'),
(222, 'bosreports2016.hcd.ca.gov', 'bosreports2016'),
(223, '', 'apc20F78D'),
(224, 'IntuneAD.hcd.ca.gov', 'IntuneAD'),
(225, 'PC13356.hcd.ca.gov', 'apc0B9D00'),
(226, 'hetsproddb2.hcd.ca.gov', 'hetsproddb2'),
(227, 'reportsproddb.hcd.ca.gov', 'reportsproddb'),
(228, 'SophosSEC.hcd.ca.gov', 'SophosSEC'),
(229, 'apc0B9C21.hcd.ca.gov', 'apc0B9C21'),
(230, 'apc20F75C.hcd.ca.gov', 'apc20F75C'),
(231, 'websiteext3.hcd.ca.gov', 'WEBSITEEXT3'),
(232, 'HypervHost1.hcd.ca.gov', 'HypervHost1'),
(233, '', 'oraclevhost1'),
(234, '', 'VARONIS'),
(235, 'JenkArt.hcd.ca.gov', 'JenkArt'),
(236, 'cs2uatwlext.hcd.ca.gov', 'CS2UATWLEXT'),
(237, 'apc11B1CF.switch.hcd.ca.gov', 'apc11B1CF'),
(238, 'apc11B130.switch.hcd.ca.gov', 'apc11B130'),
(239, 'apc0B9C40.switch.hcd.ca.gov', 'apc0B9C40'),
(240, 'apc0B9CE2.switch.hcd.ca.gov', 'apc0B9CE2'),
(241, 'apc0B9C72.switch.hcd.ca.gov', 'apc0B9C72'),
(242, 'apc20DB0E.switch.hcd.ca.gov', 'apc20DB0E'),
(243, 'apc11B0E8.switch.hcd.ca.gov', 'apc11B0E8'),
(244, 'OracleVHost1.ilo.hcd.ca.gov', 'idrac-JRTTMD2'),
(245, '', 'CAuditor.hcd.ca.gov'),
(246, '', '2016hcddc01.hcd.ca.gov'),
(247, '3rdFloorWestA2.hcd.ca.gov', 'AAA.HCD.CA.GOV'),
(248, 'assetapp.HCD.CA.GOV', 'assetapp.HCD.CA.GOV'),
(249, 'CitrixVDA09.hcd.ca.gov', 'rca.hcd.ca.gov'),
(250, 'CMSDB.hcd.ca.gov', 'CMSDB.hcd.ca.gov'),
(251, 'rcadev.hcd.ca.gov', 'rcadev.hcd.ca.gov'),
(252, 'CMSProd.hcd.ca.gov', 'CMSProd.hcd.ca.gov'),
(253, '', 'HETSDevWL.hcd.ca.gov'),
(254, 'capesdevdb01.hcd.ca.gov', 'capesdevdb01.hcd.ca.gov'),
(255, 'capestestdb01.hcd.ca.gov', 'capestestdb01.hcd.ca.gov'),
(256, 'capesuatdb01.hcd.ca.gov', 'capesuatdb01.hcd.ca.gov'),
(257, 'capesproddb01.hcd.ca.gov', 'capesproddb01.hcd.ca.gov'),
(258, '', 'oraclevhost2'),
(259, 'IntuneNDES.hcd.ca.gov', 'IntuneNDES'),
(260, 'AAD03.hcd.ca.gov', 'AAD03'),
(261, 'AzureAppProxy.hcd.ca.gov', 'AzureAppProxy'),
(262, 'AAD04.hcd.ca.gov', 'AAD04'),
(263, 'AAD01.hcd.ca.gov', 'AAD01'),
(264, 'AAD02.hcd.ca.gov', 'AAD02'),
(265, 'aaa.hcd.ca.gov', 'capesproxy01.hcd.ca.gov'),
(266, '', 'MDT.hcd.ca.gov'),
(267, '', 'CitrixTemplate'),
(268, 'CitrixVDA02.hcd.ca.gov', 'CitrixVDA02'),
(269, 'CitrixVDA03.hcd.ca.gov', 'CitrixVDA03'),
(270, 'CitrixVDA04.hcd.ca.gov', 'CitrixVDA04'),
(271, 'CitrixVDA05.hcd.ca.gov', 'CitrixVDA05'),
(272, 'CitrixVDA08.hcd.ca.gov', 'CitrixVDA08'),
(273, 'CitrixVDA10.hcd.ca.gov', 'CitrixVDA10'),
(274, 'DeliveryCon2.hcd.ca.gov', 'DeliveryCon2'),
(275, 'StoreFront02.hcd.ca.gov', 'StoreFront02'),
(276, 'aaa.hcd.ca.gov', 'reportsdb01.hcd.ca.gov'),
(277, 'aaa.hcd.ca.gov', 'oem.hcd.ca.gov'),
(278, 'trevortest.hcd.ca.gov', 'trevortest.hcd.ca.gov'),
(279, 'DownloadGBs.hcd.ca.gov', 'DownloadGBs'),
(280, '12136.printer.hcd.ca.gov', '12136'),
(281, '12147.printer.hcd.ca.gov', '12147'),
(282, 'DP14365.printer.hcd.ca.gov', 'DP14365'),
(283, '12191.printer.hcd.ca.gov', '12191'),
(284, '12181.printer.hcd.ca.gov', '12181'),
(285, '12808.printer.hcd.ca.gov', '12808'),
(286, 'DP14358.printer.hcd.ca.gov', 'DP14358'),
(287, '12192.printer.hcd.ca.gov', '12192'),
(288, '11735.printer.hcd.ca.gov', '11735'),
(289, '12140.printer.hcd.ca.gov', '12140'),
(290, 'DP011507.printer.hcd.ca.gov', 'DP011507'),
(291, '13525.printer.hcd.ca.gov', '13525'),
(292, 'DP14371.printer.hcd.ca.gov', 'DP14371'),
(293, 'DP14345.printer.hcd.ca.gov', 'DP14345'),
(294, 'DP14346.printer.hcd.ca.gov', 'DP14346'),
(295, 'DP14355.printer.hcd.ca.gov', 'DP14355'),
(296, 'DP14370.printer.hcd.ca.gov', 'DP14370'),
(297, 'DP14499.printer.hcd.ca.gov', 'DP14499'),
(298, 'DP14352.printer.hcd.ca.gov', 'DP14352'),
(299, 'DP14354.printer.hcd.ca.gov', 'DP14354'),
(300, 'DP14373.printer.hcd.ca.gov', 'DP14373'),
(301, '11732.printer.hcd.ca.gov', '11732'),
(302, 'DP14359.printer.hcd.ca.gov', 'DP14359'),
(303, '12139.printer.hcd.ca.gov', '12139'),
(304, '12149.printer.hcd.ca.gov', '12149'),
(305, 'DP14356.printer.hcd.ca.gov', 'DP14356'),
(306, '12187.printer.hcd.ca.gov', '12187'),
(307, '12146.printer.hcd.ca.gov', '12146'),
(308, '13526.printer.hcd.ca.gov', '13526'),
(309, '13336.printer.hcd.ca.gov', '13336'),
(310, '13527.printer.hcd.ca.gov', '13527'),
(311, 'DP14402.printer.hcd.ca.gov', 'DP14402'),
(312, 'DP14378.printer.hcd.ca.gov', 'DP14378'),
(313, '12138.printer.hcd.ca.gov', '12138'),
(314, 'DP14349.printer.hcd.ca.gov', 'DP14349'),
(315, '11733.printer.hcd.ca.gov', '11733'),
(316, '12159.printer.hcd.ca.gov', '12159'),
(317, '12152.printer.hcd.ca.gov', '12152'),
(318, 'DP14375.printer.hcd.ca.gov', 'DP14375'),
(319, 'DP14398.printer.hcd.ca.gov', 'DP14398'),
(320, '12151.printer.hcd.ca.gov', '12151'),
(321, '12190.printer.hcd.ca.gov', '12190'),
(322, '12182.printer.hcd.ca.gov', '12182'),
(323, '12150.printer.hcd.ca.gov', '12150'),
(324, '12143.printer.hcd.ca.gov', '12143'),
(325, '13575.printer.hcd.ca.gov', '13575'),
(326, 'DP14348.printer.hcd.ca.gov', 'DP14348'),
(327, 'DP14372.hcd.ca.gov', 'DP14372'),
(328, '13523.printer.hcd.ca.gov', '13523'),
(329, '13402.hcd.ca.gov', '13402'),
(330, 'DP14188.printer.hcd.ca.gov', 'DP14188'),
(331, '', 'dp9854'),
(332, 'dp14376.hcd.ca.gov', 'dp14376'),
(333, 'DP14374.hcd.ca.gov', 'DP14374'),
(334, 'DP14400.hcd.ca.gov', 'DP14400'),
(335, 'DP14364.hcd.ca.gov', 'DP14364'),
(336, '12177.hcd.ca.gov', '12177'),
(337, '12179.hcd.ca.gov', '12179'),
(338, '12185.hcd.ca.gov', '12185'),
(339, 'DP14362-JC.hcd.ca.gov', 'DP14362-JC'),
(340, 'DP14189.printer.hcd.ca.gov', 'DP14189'),
(341, 'DP14190.hcd.ca.gov', 'DP14190'),
(342, 'DP14357-JC.hcd.ca.gov', 'DP14357-JC'),
(343, 'DP14537.hcd.ca.gov', 'DP14537'),
(344, '', 'DP14377'),
(345, 'dp14587.printer.hcd.ca.gov', 'dp14587'),
(346, 'dp14588.printer.hcd.ca.gov', 'dp14588'),
(347, 'dp14589.printer.hcd.ca.gov', 'dp14589'),
(348, 'CDPR8001.printer.hcd.ca.gov', 'CDPR8001'),
(349, 'CDPR8002.printer.hcd.ca.gov', 'CDPR8002'),
(350, 'DP14369.printer.hcd.ca.gov', 'DP14369'),
(351, 'DP14379.printer.hcd.ca.gov', 'DP14379'),
(352, 'DP13325.printer.hcd.ca.gov', 'DP13325'),
(353, 'DP13324.printer.hcd.ca.gov', 'DP13324'),
(354, 'DP14185.printer.hcd.ca.gov', 'DP14185'),
(355, 'dp13529.printer.hcd.ca.gov', 'DP13529'),
(356, '', 'DP14186'),
(357, 'DP14187.hcd.ca.gov', 'DP14187'),
(358, '', 'DP11875'),
(359, '', 'BSOFieryPrint2'),
(360, 'PC12577.hcd.ca.gov', 'DP14356'),
(361, '', 'DP14360'),
(362, 'CopyCS2PrdDB.hcd.ca.gov', 'CopyCS2PrdDB'),
(363, 'Copy.hcd.ca.gov', 'Copy'),
(364, 'sun.hcd.ca.gov', 'sun.hcd.ca.gov'),
(365, '', 'SolarWindsHA'),
(366, 'purplegrapes.hcd.ca.gov', 'purplegrapes.hcd.ca.gov'),
(367, 'megamango.hcd.ca.gov', 'megamango.hcd.ca.gov'),
(368, 'aaa.hcd.ca.gov', 'ctest.hcd.ca.gov'),
(369, 'guava.hcd.ca.gov', 'guava.hcd.ca.gov'),
(370, 'Cranberry.hcd.ca.gov', 'Cranberry.hcd.ca.gov'),
(371, 'hq2020flr5west.switch.hcd.ca.gov', 'HQ2020_Restack_01'),
(372, 'hq2020flr5east.switch.hcd.ca.gov', 'HQ2020_Restack_02'),
(373, '', 'HQ2020_Restack_03'),
(374, 'solr.hcd.ca.gov', 'solr.hcd.ca.gov'),
(375, 'hcdinternet', 'hcdinternet.hcd.ca.gov'),
(376, '', '165.235.4.111'),
(377, '', '165.235.4.137'),
(378, '', '165.235.4.206'),
(379, 'nimble-cs300-dr-diag1.hcd.ca.gov', 'nimble-cs300-dr-diag1.hcd.ca.gov'),
(380, '', '165.235.4.166'),
(381, 'recover.hcd.ca.gov', 'blackberry.hcd.ca.gov'),
(382, 'CitrixVDA06.hcd.ca.gov', 'CitrixVDA06'),
(383, 'CitrixVDA07.hcd.ca.gov', 'CitrixVDA07'),
(384, 'oraprodvmcapes.hcd.ca.gov', 'oraprodvmcapes'),
(385, 'jackfruit.hcd.ca.gov', 'jackfruit.hcd.ca.gov'),
(386, 'coconut.hcd.ca.gov', 'coconuts.hcd.ca.gov'),
(387, 'squash.hcd.ca.gov', 'squash.hcd.ca.gov'),
(388, 'DP12761.printer.hcd.ca.gov', 'DP12761'),
(389, '12137.printer.hcd.ca.gov', '12137'),
(390, 'SCF4B90F.printer.hcd.ca.gov', '10.1.30.124'),
(391, 'DP12897.printer.hcd.ca.gov', 'DP12897'),
(392, '13524.printer.hcd.ca.gov', '13524'),
(393, '', 'DP14347'),
(394, 'cherry.hcd.ca.gov', 'cherry.hcd.ca.gov'),
(395, 'NimbleRecovery.hcd.ca.gov', 'NimbleRecovery'),
(396, '', 'farest.hcd.ca.gov'),
(398, 'nimble-cs260-hq-diag1.hcd.ca.gov', 'SAN CS260 Dept-Wide HQ Diag Port'),
(399, 'WIN-J2CE2UML5D2.hcd.ca.gov', 'CAPESDEVWL'),
(400, 'PC13354.hcd.ca.gov', 'apc0B9D00'),
(401, 'assetapp.HCD.CA.GOV', 'ada.hcd.ca.gov'),
(402, '5thfloorwest.switch.hcd.ca.gov', 'HQ2020_Restack_01'),
(403, '5thflooreast.switch.hcd.ca.gov', 'HQ2020_Restack_02'),
(404, 'ada-dev.hcd.ca.gov', 'ada-dev.hcd.ca.gov'),
(405, '', 'DP11562'),
(406, '', 'DP12536'),
(407, '', 'PC12473'),
(408, '', 'DP12463'),
(409, '', 'dp10551'),
(410, '', 'DP14328'),
(411, '', 'DP11397'),
(412, '', 'PC12923');

-- --------------------------------------------------------

--
-- Table structure for table `employee`
--

CREATE TABLE `employee` (
  `id` int(11) NOT NULL,
  `name` varchar(255) NOT NULL,
  `phoneNumber` varchar(255) NOT NULL,
  `address` varchar(255) NOT NULL
) ENGINE=InnoDB DEFAULT CHARSET=latin1;

-- --------------------------------------------------------

--
-- Table structure for table `hostfact`
--

CREATE TABLE `hostfact` (
  `id` int(11) NOT NULL,
  `ipaddress_id` int(11) DEFAULT NULL,
  `os_info_id` int(11) DEFAULT NULL,
  `dns_hosts_id` int(11) DEFAULT NULL
) ENGINE=InnoDB DEFAULT CHARSET=latin1;

--
-- Dumping data for table `hostfact`
--

INSERT INTO `hostfact` (`id`, `ipaddress_id`, `os_info_id`, `dns_hosts_id`) VALUES
(10, 10, 9, 299),
(13, 13, 9, 300),
(14, 14, 9, 281),
(18, 18, 9, 301),
(30, 30, 31, 390),
(32, 32, 9, 302),
(36, 36, 6, 352),
(37, 37, 9, 303),
(40, 40, 9, 304),
(44, 44, 9, 328),
(48, 48, 9, 305),
(49, 49, 9, 306),
(51, 51, 9, 307),
(53, 53, 9, 308),
(55, 55, 9, 309),
(56, 56, 31, 391),
(57, 57, 9, 310),
(58, 58, 9, 282),
(60, 60, 9, 311),
(61, 61, 9, 280),
(62, 62, 9, 312),
(63, 63, 9, 313),
(64, 64, 9, 314),
(67, 67, 9, 315),
(68, 68, 9, 316),
(70, 70, 9, 317),
(71, 71, 9, 318),
(72, 72, 9, 319),
(73, 73, 9, 320),
(74, 74, 9, 392),
(75, 75, 9, 321),
(76, 76, 9, 322),
(77, 77, 9, 323),
(80, 80, 9, 283),
(83, 83, 9, 324),
(88, 88, 9, 325),
(91, 91, 9, 284),
(114, 114, 9, 285),
(116, 116, 30, 355),
(123, 123, 9, 326),
(147, 147, 9, 286),
(175, 175, 9, 287),
(178, 178, 9, 288),
(181, 181, 30, 354),
(184, 184, 9, 388),
(187, 187, 9, 289),
(188, 188, 9, 290),
(189, 189, 9, 291),
(193, 193, 9, 389),
(194, 194, 9, 292),
(195, 195, 9, 293),
(196, 196, 9, 294),
(199, 199, 9, 295),
(200, 200, 9, 296),
(205, 205, 6, 353),
(208, 208, 9, 297),
(210, 210, 9, 298),
(353, 353, 9, 393),
(493, 493, 22, 72),
(510, 510, 28, 185),
(512, 512, 12, 6),
(514, 514, 24, 223),
(576, 576, 9, 343),
(577, 577, 9, 344),
(579, 579, 10, 95),
(586, 586, 9, 345),
(587, 587, 9, 346),
(588, 588, 9, 347),
(605, 605, 10, 217),
(606, 606, 10, 217),
(607, 607, 10, 217),
(623, 623, 9, 2),
(688, 688, 9, 342),
(697, 697, 30, 358),
(2107, 2107, 9, 360),
(2142, 2142, 6, 359),
(2229, 2229, 9, 361),
(2552, 2552, 14, 9),
(2553, 2553, 26, 188),
(2575, 2575, 20, 34),
(2607, 2607, 9, 336),
(2609, 2609, 9, 337),
(2630, 2630, 9, 327),
(2636, 2636, 6, 351),
(2643, 2643, 9, 338),
(2656, 2656, 9, 339),
(2663, 2663, 9, 26),
(2728, 2728, 6, 350),
(2729, 2729, 9, 187),
(2732, 2732, 24, 230),
(2734, 2734, 9, 329),
(2736, 2736, 24, 229),
(2746, 2746, 4, 202),
(2752, 2752, 9, 330),
(2758, 2758, 9, 331),
(2777, 2777, 9, 332),
(2778, 2778, 9, 333),
(2789, 2789, 9, 334),
(2793, 2793, 9, 335),
(2807, 2807, 11, 8),
(2808, 2808, 9, 11),
(2819, 2819, 30, 356),
(2831, 2831, 9, 340),
(3058, 3058, 9, 348),
(3059, 3059, 9, 349),
(3189, 3189, 11, 5),
(3201, 3201, 9, 25),
(3256, 3256, 9, 341),
(3418, 3418, 30, 357),
(3631, 3631, 24, 225),
(3698, 3698, 8, 1),
(3699, 3699, 10, 3),
(3700, 3700, 10, 4),
(3701, 3701, 13, 7),
(3702, 3702, 4, 10),
(3703, 3703, 13, 12),
(3704, 3704, 4, 13),
(3705, 3705, 15, 14),
(3706, 3706, 4, 15),
(3707, 3707, 16, 16),
(3708, 3708, 16, 17),
(3709, 3709, 16, 18),
(3710, 3710, 4, 19),
(3711, 3711, 13, 20),
(3712, 3712, 13, 21),
(3713, 3713, 13, 22),
(3714, 3714, 16, 23),
(3715, 3715, 4, 24),
(3716, 3716, 17, 27),
(3717, 3717, 1, 28),
(3718, 3718, 2, 29),
(3719, 3719, 16, 30),
(3720, 3720, 18, 31),
(3721, 3721, 19, 32),
(3722, 3722, 20, 33),
(3723, 3723, 16, 35),
(3724, 3724, 18, 36),
(3725, 3725, 18, 37),
(3726, 3726, 18, 38),
(3727, 3727, 18, 39),
(3728, 3728, 18, 40),
(3729, 3729, 18, 41),
(3730, 3730, 18, 42),
(3731, 3731, 18, 43),
(3732, 3732, 18, 44),
(3733, 3733, 2, 45),
(3734, 3734, 15, 46),
(3735, 3735, 2, 47),
(3736, 3736, 18, 48),
(3737, 3737, 18, 49),
(3738, 3738, 20, 50),
(3739, 3739, 20, 51),
(3740, 3740, 18, 52),
(3741, 3741, 2, 53),
(3742, 3742, 2, 54),
(3743, 3743, 2, 55),
(3744, 3744, 21, 56),
(3745, 3745, 21, 57),
(3746, 3746, 2, 58),
(3747, 3747, 16, 59),
(3748, 3748, 2, 60),
(3749, 3749, 16, 61),
(3750, 3750, 2, 62),
(3751, 3751, 2, 63),
(3752, 3752, 1, 64),
(3753, 3753, 2, 65),
(3754, 3754, 1, 66),
(3755, 3755, 2, 67),
(3756, 3756, 2, 68),
(3757, 3757, 1, 258),
(3758, 3758, 2, 70),
(3759, 3759, 2, 71),
(3760, 3760, 1, 73),
(3761, 3761, 2, 74),
(3762, 3762, 2, 75),
(3763, 3763, 1, 76),
(3764, 3764, 2, 77),
(3765, 3765, 2, 78),
(3766, 3766, 2, 79),
(3767, 3767, 2, 80),
(3768, 3768, 2, 81),
(3769, 3769, 2, 82),
(3770, 3770, 2, 83),
(3771, 3771, 18, 84),
(3772, 3772, 1, 85),
(3773, 3773, 18, 86),
(3774, 3774, 13, 87),
(3775, 3775, 16, 88),
(3776, 3776, 13, 89),
(3777, 3777, 18, 90),
(3778, 3778, 1, 91),
(3779, 3779, 1, 92),
(3780, 3780, 1, 93),
(3781, 3781, 2, 94),
(3782, 3782, 1, 96),
(3783, 3783, 1, 97),
(3784, 3784, 10, 98),
(3785, 3785, 1, 99),
(3786, 3786, 1, 100),
(3787, 3787, 1, 101),
(3788, 3788, 18, 102),
(3789, 3789, 1, 103),
(3790, 3790, 1, 104),
(3791, 3791, 23, 105),
(3792, 3792, 24, 106),
(3793, 3793, 24, 107),
(3794, 3794, 17, 108),
(3795, 3795, 24, 109),
(3796, 3796, 25, 110),
(3797, 3797, 1, 111),
(3798, 3798, 1, 112),
(3799, 3799, 1, 113),
(3800, 3800, 1, 114),
(3801, 3801, 1, 115),
(3802, 3802, 1, 116),
(3803, 3803, 1, 117),
(3804, 3804, 16, 118),
(3805, 3805, 1, 119),
(3806, 3806, 9, 120),
(3807, 3807, 9, 121),
(3808, 3808, 10, 122),
(3809, 3809, 1, 123),
(3810, 3810, 1, 124),
(3811, 3811, 1, 125),
(3812, 3812, 1, 126),
(3813, 3813, 1, 127),
(3814, 3814, 10, 128),
(3815, 3815, 10, 129),
(3816, 3816, 10, 130),
(3817, 3817, 10, 131),
(3818, 3818, 10, 132),
(3819, 3819, 10, 133),
(3820, 3820, 26, 134),
(3821, 3821, 9, 135),
(3822, 3822, 9, 136),
(3823, 3823, 9, 137),
(3824, 3824, 10, 138),
(3825, 3825, 10, 139),
(3826, 3826, 10, 140),
(3827, 3827, 10, 141),
(3828, 3828, 10, 142),
(3829, 3829, 10, 143),
(3830, 3830, 10, 144),
(3831, 3831, 10, 122),
(3832, 3832, 10, 145),
(3833, 3833, 10, 146),
(3834, 3834, 10, 147),
(3835, 3835, 10, 148),
(3836, 3836, 10, 149),
(3837, 3837, 10, 150),
(3838, 3838, 9, 151),
(3839, 3839, 9, 152),
(3840, 3840, 9, 153),
(3841, 3841, 9, 154),
(3842, 3842, 10, 155),
(3843, 3843, 10, 156),
(3844, 3844, 1, 157),
(3845, 3845, 1, 158),
(3846, 3846, 9, 159),
(3847, 3847, 9, 160),
(3848, 3848, 10, 161),
(3849, 3849, 10, 162),
(3850, 3850, 10, 163),
(3851, 3851, 10, 164),
(3852, 3852, 10, 165),
(3853, 3853, 10, 166),
(3854, 3854, 10, 167),
(3855, 3855, 10, 168),
(3856, 3856, 10, 169),
(3857, 3857, 1, 170),
(3858, 3858, 9, 171),
(3859, 3859, 10, 172),
(3860, 3860, 10, 173),
(3861, 3861, 10, 174),
(3862, 3862, 1, 175),
(3863, 3863, 18, 176),
(3864, 3864, 1, 177),
(3865, 3865, 1, 178),
(3866, 3866, 1, 179),
(3867, 3867, 27, 180),
(3868, 3868, 27, 181),
(3869, 3869, 27, 182),
(3870, 3870, 15, 183),
(3871, 3871, 15, 184),
(3872, 3872, 1, 186),
(3873, 3873, 1, 189),
(3874, 3874, 18, 190),
(3875, 3875, 18, 191),
(3876, 3876, 2, 192),
(3877, 3877, 1, 193),
(3878, 3878, 1, 194),
(3879, 3879, 1, 195),
(3880, 3880, 1, 196),
(3881, 3881, 1, 197),
(3882, 3882, 1, 198),
(3883, 3883, 1, 199),
(3884, 3884, 1, 200),
(3885, 3885, 1, 201),
(3886, 3886, 10, 203),
(3887, 3887, 1, 204),
(3888, 3888, 1, 205),
(3889, 3889, 1, 206),
(3890, 3890, 1, 207),
(3891, 3891, 2, 208),
(3892, 3892, 1, 209),
(3893, 3893, 1, 210),
(3894, 3894, 1, 211),
(3895, 3895, 1, 212),
(3896, 3896, 1, 213),
(3897, 3897, 1, 214),
(3898, 3898, 1, 215),
(3899, 3899, 1, 216),
(3900, 3900, 29, 218),
(3901, 3901, 24, 219),
(3902, 3902, 24, 220),
(3903, 3903, 24, 221),
(3904, 3904, 1, 222),
(3905, 3905, 1, 224),
(3906, 3906, 1, 226),
(3907, 3907, 1, 227),
(3908, 3908, 1, 228),
(3909, 3909, 2, 231),
(3910, 3910, 1, 232),
(3911, 3911, 1, 233),
(3912, 3912, 2, 234),
(3913, 3913, 1, 235),
(3914, 3914, 1, 236),
(3915, 3915, 24, 237),
(3916, 3916, 24, 238),
(3917, 3917, 24, 239),
(3918, 3918, 24, 240),
(3919, 3919, 24, 241),
(3920, 3920, 24, 242),
(3921, 3921, 24, 243),
(3922, 3922, 18, 244),
(3923, 3923, 4, 245),
(3924, 3924, 1, 246),
(3925, 3925, 10, 247),
(3926, 3926, 10, 248),
(3927, 3927, 10, 249),
(3928, 3928, 10, 250),
(3929, 3929, 10, 251),
(3930, 3930, 10, 252),
(3931, 3931, 1, 253),
(3932, 3932, 10, 254),
(3933, 3933, 10, 255),
(3934, 3934, 10, 256),
(3935, 3935, 10, 257),
(3936, 3936, 1, 259),
(3937, 3937, 1, 260),
(3938, 3938, 1, 261),
(3939, 3939, 1, 262),
(3940, 3940, 1, 263),
(3941, 3941, 1, 264),
(3942, 3942, 10, 265),
(3943, 3943, 2, 266),
(3944, 3944, 1, 267),
(3945, 3945, 2, 268),
(3946, 3946, 2, 269),
(3947, 3947, 2, 270),
(3948, 3948, 2, 271),
(3949, 3949, 2, 272),
(3950, 3950, 2, 273),
(3951, 3951, 2, 274),
(3952, 3952, 2, 275),
(3953, 3953, 10, 276),
(3954, 3954, 10, 277),
(3955, 3955, 10, 278),
(3956, 3956, 1, 279),
(3957, 3957, 2, 362),
(3958, 3958, 2, 363),
(3959, 3959, 10, 364),
(3960, 3960, 1, 365),
(3961, 3961, 10, 366),
(3962, 3962, 10, 367),
(3963, 3963, 10, 368),
(3964, 3964, 10, 369),
(3965, 3965, 10, 370),
(3966, 3966, 27, 371),
(3967, 3967, 27, 372),
(3968, 3968, 27, 373),
(3969, 3969, 10, 374),
(3970, 3970, 10, 375),
(3971, 3971, 13, 376),
(3972, 3972, 13, 377),
(3973, 3973, 13, 378),
(3974, 3974, 13, 379),
(3975, 3975, 13, 380),
(3976, 3976, 10, 381),
(3977, 3977, 2, 382),
(3978, 3978, 2, 383),
(3979, 3979, 4, 384),
(3980, 3980, 10, 385),
(3981, 3981, 10, 386),
(3982, 3982, 10, 387),
(3983, 3983, 10, 394),
(3984, 3984, 1, 395),
(3985, 3985, 10, 396),
(7657, 125, 9, 289);

-- --------------------------------------------------------

--
-- Table structure for table `ipaddress`
--

CREATE TABLE `ipaddress` (
  `id` int(11) NOT NULL,
  `ipaddress` varchar(15) DEFAULT NULL
) ENGINE=InnoDB DEFAULT CHARSET=latin1;

--
-- Dumping data for table `ipaddress`
--

INSERT INTO `ipaddress` (`id`, `ipaddress`) VALUES
(1, '10.1.30.0'),
(2, '10.1.30.1'),
(3, '10.1.30.10'),
(4, '10.1.30.100'),
(5, '10.1.30.101'),
(6, '10.1.30.102'),
(7, '10.1.30.103'),
(8, '10.1.30.104'),
(9, '10.1.30.105'),
(10, '10.1.30.106'),
(11, '10.1.30.107'),
(12, '10.1.30.108'),
(13, '10.1.30.109'),
(14, '10.1.30.11'),
(15, '10.1.30.110'),
(16, '10.1.30.111'),
(17, '10.1.30.112'),
(18, '10.1.30.113'),
(19, '10.1.30.114'),
(20, '10.1.30.115'),
(21, '10.1.30.116'),
(22, '10.1.30.117'),
(23, '10.1.30.118'),
(24, '10.1.30.119'),
(25, '10.1.30.12'),
(26, '10.1.30.120'),
(27, '10.1.30.121'),
(28, '10.1.30.122'),
(29, '10.1.30.123'),
(30, '10.1.30.124'),
(31, '10.1.30.125'),
(32, '10.1.30.126'),
(33, '10.1.30.127'),
(34, '10.1.30.128'),
(35, '10.1.30.129'),
(36, '10.1.30.13'),
(37, '10.1.30.130'),
(38, '10.1.30.131'),
(39, '10.1.30.132'),
(40, '10.1.30.133'),
(41, '10.1.30.134'),
(42, '10.1.30.135'),
(43, '10.1.30.136'),
(44, '10.1.30.137'),
(45, '10.1.30.138'),
(46, '10.1.30.139'),
(47, '10.1.30.14'),
(48, '10.1.30.140'),
(49, '10.1.30.141'),
(50, '10.1.30.142'),
(51, '10.1.30.143'),
(52, '10.1.30.144'),
(53, '10.1.30.145'),
(54, '10.1.30.146'),
(55, '10.1.30.147'),
(56, '10.1.30.148'),
(57, '10.1.30.149'),
(58, '10.1.30.15'),
(59, '10.1.30.150'),
(60, '10.1.30.151'),
(61, '10.1.30.152'),
(62, '10.1.30.153'),
(63, '10.1.30.154'),
(64, '10.1.30.155'),
(65, '10.1.30.156'),
(66, '10.1.30.157'),
(67, '10.1.30.158'),
(68, '10.1.30.159'),
(69, '10.1.30.16'),
(70, '10.1.30.160'),
(71, '10.1.30.161'),
(72, '10.1.30.162'),
(73, '10.1.30.163'),
(74, '10.1.30.164'),
(75, '10.1.30.165'),
(76, '10.1.30.166'),
(77, '10.1.30.167'),
(78, '10.1.30.168'),
(79, '10.1.30.169'),
(80, '10.1.30.17'),
(81, '10.1.30.170'),
(82, '10.1.30.171'),
(83, '10.1.30.172'),
(84, '10.1.30.173'),
(85, '10.1.30.174'),
(86, '10.1.30.175'),
(87, '10.1.30.176'),
(88, '10.1.30.177'),
(89, '10.1.30.178'),
(90, '10.1.30.179'),
(91, '10.1.30.18'),
(92, '10.1.30.180'),
(93, '10.1.30.181'),
(94, '10.1.30.182'),
(95, '10.1.30.183'),
(96, '10.1.30.184'),
(97, '10.1.30.185'),
(98, '10.1.30.186'),
(99, '10.1.30.187'),
(100, '10.1.30.188'),
(101, '10.1.30.189'),
(102, '10.1.30.19'),
(103, '10.1.30.190'),
(104, '10.1.30.191'),
(105, '10.1.30.192'),
(106, '10.1.30.193'),
(107, '10.1.30.194'),
(108, '10.1.30.195'),
(109, '10.1.30.196'),
(110, '10.1.30.197'),
(111, '10.1.30.198'),
(112, '10.1.30.199'),
(113, '10.1.30.2'),
(114, '10.1.30.20'),
(115, '10.1.30.200'),
(116, '10.1.30.201'),
(117, '10.1.30.202'),
(118, '10.1.30.203'),
(119, '10.1.30.204'),
(120, '10.1.30.205'),
(121, '10.1.30.206'),
(122, '10.1.30.207'),
(123, '10.1.30.208'),
(124, '10.1.30.209'),
(125, '10.1.30.21'),
(126, '10.1.30.210'),
(127, '10.1.30.211'),
(128, '10.1.30.212'),
(129, '10.1.30.213'),
(130, '10.1.30.214'),
(131, '10.1.30.215'),
(132, '10.1.30.216'),
(133, '10.1.30.217'),
(134, '10.1.30.218'),
(135, '10.1.30.219'),
(136, '10.1.30.22'),
(137, '10.1.30.220'),
(138, '10.1.30.221'),
(139, '10.1.30.222'),
(140, '10.1.30.223'),
(141, '10.1.30.224'),
(142, '10.1.30.225'),
(143, '10.1.30.226'),
(144, '10.1.30.227'),
(145, '10.1.30.228'),
(146, '10.1.30.229'),
(147, '10.1.30.23'),
(148, '10.1.30.230'),
(149, '10.1.30.231'),
(150, '10.1.30.232'),
(151, '10.1.30.233'),
(152, '10.1.30.234'),
(153, '10.1.30.235'),
(154, '10.1.30.236'),
(155, '10.1.30.237'),
(156, '10.1.30.238'),
(157, '10.1.30.239'),
(158, '10.1.30.24'),
(159, '10.1.30.240'),
(160, '10.1.30.241'),
(161, '10.1.30.242'),
(162, '10.1.30.243'),
(163, '10.1.30.244'),
(164, '10.1.30.245'),
(165, '10.1.30.246'),
(166, '10.1.30.247'),
(167, '10.1.30.248'),
(168, '10.1.30.249'),
(169, '10.1.30.25'),
(170, '10.1.30.250'),
(171, '10.1.30.251'),
(172, '10.1.30.252'),
(173, '10.1.30.253'),
(174, '10.1.30.254'),
(175, '10.1.30.26'),
(176, '10.1.30.27'),
(177, '10.1.30.28'),
(178, '10.1.30.29'),
(179, '10.1.30.3'),
(180, '10.1.30.30'),
(181, '10.1.30.31'),
(182, '10.1.30.32'),
(183, '10.1.30.33'),
(184, '10.1.30.34'),
(185, '10.1.30.35'),
(186, '10.1.30.36'),
(187, '10.1.30.37'),
(188, '10.1.30.38'),
(189, '10.1.30.39'),
(190, '10.1.30.4'),
(191, '10.1.30.40'),
(192, '10.1.30.41'),
(193, '10.1.30.42'),
(194, '10.1.30.43'),
(195, '10.1.30.44'),
(196, '10.1.30.45'),
(197, '10.1.30.46'),
(198, '10.1.30.47'),
(199, '10.1.30.48'),
(200, '10.1.30.49'),
(201, '10.1.30.5'),
(202, '10.1.30.50'),
(203, '10.1.30.51'),
(204, '10.1.30.52'),
(205, '10.1.30.53'),
(206, '10.1.30.54'),
(207, '10.1.30.55'),
(208, '10.1.30.56'),
(209, '10.1.30.57'),
(210, '10.1.30.58'),
(211, '10.1.30.59'),
(212, '10.1.30.6'),
(213, '10.1.30.60'),
(214, '10.1.30.61'),
(215, '10.1.30.62'),
(216, '10.1.30.63'),
(217, '10.1.30.64'),
(218, '10.1.30.65'),
(219, '10.1.30.66'),
(220, '10.1.30.67'),
(221, '10.1.30.68'),
(222, '10.1.30.69'),
(223, '10.1.30.7'),
(224, '10.1.30.70'),
(225, '10.1.30.71'),
(226, '10.1.30.72'),
(227, '10.1.30.73'),
(228, '10.1.30.74'),
(229, '10.1.30.75'),
(230, '10.1.30.76'),
(231, '10.1.30.77'),
(232, '10.1.30.78'),
(233, '10.1.30.79'),
(234, '10.1.30.8'),
(235, '10.1.30.80'),
(236, '10.1.30.81'),
(237, '10.1.30.82'),
(238, '10.1.30.83'),
(239, '10.1.30.84'),
(240, '10.1.30.85'),
(241, '10.1.30.86'),
(242, '10.1.30.87'),
(243, '10.1.30.88'),
(244, '10.1.30.89'),
(245, '10.1.30.9'),
(246, '10.1.30.90'),
(247, '10.1.30.91'),
(248, '10.1.30.92'),
(249, '10.1.30.93'),
(250, '10.1.30.94'),
(251, '10.1.30.95'),
(252, '10.1.30.96'),
(253, '10.1.30.97'),
(254, '10.1.30.98'),
(255, '10.1.30.99'),
(256, '165.235.104.0'),
(257, '165.235.104.1'),
(258, '165.235.104.10'),
(259, '165.235.104.100'),
(260, '165.235.104.101'),
(261, '165.235.104.102'),
(262, '165.235.104.103'),
(263, '165.235.104.104'),
(264, '165.235.104.105'),
(265, '165.235.104.106'),
(266, '165.235.104.107'),
(267, '165.235.104.108'),
(268, '165.235.104.109'),
(269, '165.235.104.11'),
(270, '165.235.104.110'),
(271, '165.235.104.111'),
(272, '165.235.104.112'),
(273, '165.235.104.113'),
(274, '165.235.104.114'),
(275, '165.235.104.115'),
(276, '165.235.104.116'),
(277, '165.235.104.117'),
(278, '165.235.104.118'),
(279, '165.235.104.119'),
(280, '165.235.104.12'),
(281, '165.235.104.120'),
(282, '165.235.104.121'),
(283, '165.235.104.122'),
(284, '165.235.104.123'),
(285, '165.235.104.124'),
(286, '165.235.104.125'),
(287, '165.235.104.126'),
(288, '165.235.104.127'),
(289, '165.235.104.128'),
(290, '165.235.104.129'),
(291, '165.235.104.13'),
(292, '165.235.104.130'),
(293, '165.235.104.131'),
(294, '165.235.104.132'),
(295, '165.235.104.133'),
(296, '165.235.104.134'),
(297, '165.235.104.135'),
(298, '165.235.104.136'),
(299, '165.235.104.137'),
(300, '165.235.104.138'),
(301, '165.235.104.139'),
(302, '165.235.104.14'),
(303, '165.235.104.140'),
(304, '165.235.104.141'),
(305, '165.235.104.142'),
(306, '165.235.104.143'),
(307, '165.235.104.144'),
(308, '165.235.104.145'),
(309, '165.235.104.146'),
(310, '165.235.104.147'),
(311, '165.235.104.148'),
(312, '165.235.104.149'),
(313, '165.235.104.15'),
(314, '165.235.104.150'),
(315, '165.235.104.151'),
(316, '165.235.104.152'),
(317, '165.235.104.153'),
(318, '165.235.104.154'),
(319, '165.235.104.155'),
(320, '165.235.104.156'),
(321, '165.235.104.157'),
(322, '165.235.104.158'),
(323, '165.235.104.159'),
(324, '165.235.104.16'),
(325, '165.235.104.160'),
(326, '165.235.104.161'),
(327, '165.235.104.162'),
(328, '165.235.104.163'),
(329, '165.235.104.164'),
(330, '165.235.104.165'),
(331, '165.235.104.166'),
(332, '165.235.104.167'),
(333, '165.235.104.168'),
(334, '165.235.104.169'),
(335, '165.235.104.17'),
(336, '165.235.104.170'),
(337, '165.235.104.171'),
(338, '165.235.104.172'),
(339, '165.235.104.173'),
(340, '165.235.104.174'),
(341, '165.235.104.175'),
(342, '165.235.104.176'),
(343, '165.235.104.177'),
(344, '165.235.104.178'),
(345, '165.235.104.179'),
(346, '165.235.104.18'),
(347, '165.235.104.180'),
(348, '165.235.104.181'),
(349, '165.235.104.182'),
(350, '165.235.104.183'),
(351, '165.235.104.184'),
(352, '165.235.104.185'),
(353, '165.235.104.186'),
(354, '165.235.104.187'),
(355, '165.235.104.188'),
(356, '165.235.104.189'),
(357, '165.235.104.19'),
(358, '165.235.104.190'),
(359, '165.235.104.191'),
(360, '165.235.104.192'),
(361, '165.235.104.193'),
(362, '165.235.104.194'),
(363, '165.235.104.195'),
(364, '165.235.104.196'),
(365, '165.235.104.197'),
(366, '165.235.104.198'),
(367, '165.235.104.199'),
(368, '165.235.104.2'),
(369, '165.235.104.20'),
(370, '165.235.104.200'),
(371, '165.235.104.201'),
(372, '165.235.104.202'),
(373, '165.235.104.203'),
(374, '165.235.104.204'),
(375, '165.235.104.205'),
(376, '165.235.104.206'),
(377, '165.235.104.207'),
(378, '165.235.104.208'),
(379, '165.235.104.209'),
(380, '165.235.104.21'),
(381, '165.235.104.210'),
(382, '165.235.104.211'),
(383, '165.235.104.212'),
(384, '165.235.104.213'),
(385, '165.235.104.214'),
(386, '165.235.104.215'),
(387, '165.235.104.216'),
(388, '165.235.104.217'),
(389, '165.235.104.218'),
(390, '165.235.104.219'),
(391, '165.235.104.22'),
(392, '165.235.104.220'),
(393, '165.235.104.221'),
(394, '165.235.104.222'),
(395, '165.235.104.223'),
(396, '165.235.104.224'),
(397, '165.235.104.225'),
(398, '165.235.104.226'),
(399, '165.235.104.227'),
(400, '165.235.104.228'),
(401, '165.235.104.229'),
(402, '165.235.104.23'),
(403, '165.235.104.230'),
(404, '165.235.104.231'),
(405, '165.235.104.232'),
(406, '165.235.104.233'),
(407, '165.235.104.234'),
(408, '165.235.104.235'),
(409, '165.235.104.236'),
(410, '165.235.104.237'),
(411, '165.235.104.238'),
(412, '165.235.104.239'),
(413, '165.235.104.24'),
(414, '165.235.104.240'),
(415, '165.235.104.241'),
(416, '165.235.104.242'),
(417, '165.235.104.243'),
(418, '165.235.104.244'),
(419, '165.235.104.245'),
(420, '165.235.104.246'),
(421, '165.235.104.247'),
(422, '165.235.104.248'),
(423, '165.235.104.249'),
(424, '165.235.104.25'),
(425, '165.235.104.250'),
(426, '165.235.104.251'),
(427, '165.235.104.252'),
(428, '165.235.104.253'),
(429, '165.235.104.254'),
(430, '165.235.104.26'),
(431, '165.235.104.27'),
(432, '165.235.104.28'),
(433, '165.235.104.29'),
(434, '165.235.104.3'),
(435, '165.235.104.30'),
(436, '165.235.104.31'),
(437, '165.235.104.32'),
(438, '165.235.104.33'),
(439, '165.235.104.34'),
(440, '165.235.104.35'),
(441, '165.235.104.36'),
(442, '165.235.104.37'),
(443, '165.235.104.38'),
(444, '165.235.104.39'),
(445, '165.235.104.4'),
(446, '165.235.104.40'),
(447, '165.235.104.41'),
(448, '165.235.104.42'),
(449, '165.235.104.43'),
(450, '165.235.104.44'),
(451, '165.235.104.45'),
(452, '165.235.104.46'),
(453, '165.235.104.47'),
(454, '165.235.104.48'),
(455, '165.235.104.49'),
(456, '165.235.104.5'),
(457, '165.235.104.50'),
(458, '165.235.104.51'),
(459, '165.235.104.52'),
(460, '165.235.104.53'),
(461, '165.235.104.54'),
(462, '165.235.104.55'),
(463, '165.235.104.56'),
(464, '165.235.104.57'),
(465, '165.235.104.58'),
(466, '165.235.104.59'),
(467, '165.235.104.6'),
(468, '165.235.104.60'),
(469, '165.235.104.61'),
(470, '165.235.104.62'),
(471, '165.235.104.63'),
(472, '165.235.104.64'),
(473, '165.235.104.65'),
(474, '165.235.104.66'),
(475, '165.235.104.67'),
(476, '165.235.104.68'),
(477, '165.235.104.69'),
(478, '165.235.104.7'),
(479, '165.235.104.70'),
(480, '165.235.104.71'),
(481, '165.235.104.72'),
(482, '165.235.104.73'),
(483, '165.235.104.74'),
(484, '165.235.104.75'),
(485, '165.235.104.76'),
(486, '165.235.104.77'),
(487, '165.235.104.78'),
(488, '165.235.104.79'),
(489, '165.235.104.8'),
(490, '165.235.104.80'),
(491, '165.235.104.81'),
(492, '165.235.104.82'),
(493, '165.235.104.83'),
(494, '165.235.104.84'),
(495, '165.235.104.85'),
(496, '165.235.104.86'),
(497, '165.235.104.87'),
(498, '165.235.104.88'),
(499, '165.235.104.89'),
(500, '165.235.104.9'),
(501, '165.235.104.90'),
(502, '165.235.104.91'),
(503, '165.235.104.92'),
(504, '165.235.104.93'),
(505, '165.235.104.94'),
(506, '165.235.104.95'),
(507, '165.235.104.96'),
(508, '165.235.104.97'),
(509, '165.235.104.98'),
(510, '165.235.104.99'),
(511, '165.235.13.0'),
(512, '165.235.13.1'),
(513, '165.235.13.10'),
(514, '165.235.13.100'),
(515, '165.235.13.101'),
(516, '165.235.13.102'),
(517, '165.235.13.103'),
(518, '165.235.13.104'),
(519, '165.235.13.105'),
(520, '165.235.13.106'),
(521, '165.235.13.107'),
(522, '165.235.13.108'),
(523, '165.235.13.109'),
(524, '165.235.13.11'),
(525, '165.235.13.110'),
(526, '165.235.13.111'),
(527, '165.235.13.112'),
(528, '165.235.13.113'),
(529, '165.235.13.114'),
(530, '165.235.13.115'),
(531, '165.235.13.116'),
(532, '165.235.13.117'),
(533, '165.235.13.118'),
(534, '165.235.13.119'),
(535, '165.235.13.12'),
(536, '165.235.13.120'),
(537, '165.235.13.121'),
(538, '165.235.13.122'),
(539, '165.235.13.123'),
(540, '165.235.13.124'),
(541, '165.235.13.125'),
(542, '165.235.13.126'),
(543, '165.235.13.127'),
(544, '165.235.13.128'),
(545, '165.235.13.129'),
(546, '165.235.13.13'),
(547, '165.235.13.130'),
(548, '165.235.13.131'),
(549, '165.235.13.132'),
(550, '165.235.13.133'),
(551, '165.235.13.134'),
(552, '165.235.13.135'),
(553, '165.235.13.136'),
(554, '165.235.13.137'),
(555, '165.235.13.138'),
(556, '165.235.13.139'),
(557, '165.235.13.14'),
(558, '165.235.13.140'),
(559, '165.235.13.141'),
(560, '165.235.13.142'),
(561, '165.235.13.143'),
(562, '165.235.13.144'),
(563, '165.235.13.145'),
(564, '165.235.13.146'),
(565, '165.235.13.147'),
(566, '165.235.13.148'),
(567, '165.235.13.149'),
(568, '165.235.13.15'),
(569, '165.235.13.150'),
(570, '165.235.13.151'),
(571, '165.235.13.152'),
(572, '165.235.13.153'),
(573, '165.235.13.154'),
(574, '165.235.13.155'),
(575, '165.235.13.156'),
(576, '165.235.13.157'),
(577, '165.235.13.158'),
(578, '165.235.13.159'),
(579, '165.235.13.16'),
(580, '165.235.13.160'),
(581, '165.235.13.161'),
(582, '165.235.13.162'),
(583, '165.235.13.163'),
(584, '165.235.13.164'),
(585, '165.235.13.165'),
(586, '165.235.13.166'),
(587, '165.235.13.167'),
(588, '165.235.13.168'),
(589, '165.235.13.169'),
(590, '165.235.13.17'),
(591, '165.235.13.170'),
(592, '165.235.13.171'),
(593, '165.235.13.172'),
(594, '165.235.13.173'),
(595, '165.235.13.174'),
(596, '165.235.13.175'),
(597, '165.235.13.176'),
(598, '165.235.13.177'),
(599, '165.235.13.178'),
(600, '165.235.13.179'),
(601, '165.235.13.18'),
(602, '165.235.13.180'),
(603, '165.235.13.181'),
(604, '165.235.13.182'),
(605, '165.235.13.183'),
(606, '165.235.13.184'),
(607, '165.235.13.185'),
(608, '165.235.13.186'),
(609, '165.235.13.187'),
(610, '165.235.13.188'),
(611, '165.235.13.189'),
(612, '165.235.13.19'),
(613, '165.235.13.190'),
(614, '165.235.13.191'),
(615, '165.235.13.192'),
(616, '165.235.13.193'),
(617, '165.235.13.194'),
(618, '165.235.13.195'),
(619, '165.235.13.196'),
(620, '165.235.13.197'),
(621, '165.235.13.198'),
(622, '165.235.13.199'),
(623, '165.235.13.2'),
(624, '165.235.13.20'),
(625, '165.235.13.200'),
(626, '165.235.13.201'),
(627, '165.235.13.202'),
(628, '165.235.13.203'),
(629, '165.235.13.204'),
(630, '165.235.13.205'),
(631, '165.235.13.206'),
(632, '165.235.13.207'),
(633, '165.235.13.208'),
(634, '165.235.13.209'),
(635, '165.235.13.21'),
(636, '165.235.13.210'),
(637, '165.235.13.211'),
(638, '165.235.13.212'),
(639, '165.235.13.213'),
(640, '165.235.13.214'),
(641, '165.235.13.215'),
(642, '165.235.13.216'),
(643, '165.235.13.217'),
(644, '165.235.13.218'),
(645, '165.235.13.219'),
(646, '165.235.13.22'),
(647, '165.235.13.220'),
(648, '165.235.13.221'),
(649, '165.235.13.222'),
(650, '165.235.13.223'),
(651, '165.235.13.224'),
(652, '165.235.13.225'),
(653, '165.235.13.226'),
(654, '165.235.13.227'),
(655, '165.235.13.228'),
(656, '165.235.13.229'),
(657, '165.235.13.23'),
(658, '165.235.13.230'),
(659, '165.235.13.231'),
(660, '165.235.13.232'),
(661, '165.235.13.233'),
(662, '165.235.13.234'),
(663, '165.235.13.235'),
(664, '165.235.13.236'),
(665, '165.235.13.237'),
(666, '165.235.13.238'),
(667, '165.235.13.239'),
(668, '165.235.13.24'),
(669, '165.235.13.240'),
(670, '165.235.13.241'),
(671, '165.235.13.242'),
(672, '165.235.13.243'),
(673, '165.235.13.244'),
(674, '165.235.13.245'),
(675, '165.235.13.246'),
(676, '165.235.13.247'),
(677, '165.235.13.248'),
(678, '165.235.13.249'),
(679, '165.235.13.25'),
(680, '165.235.13.250'),
(681, '165.235.13.251'),
(682, '165.235.13.252'),
(683, '165.235.13.253'),
(684, '165.235.13.254'),
(685, '165.235.13.26'),
(686, '165.235.13.27'),
(687, '165.235.13.28'),
(688, '165.235.13.29'),
(689, '165.235.13.3'),
(690, '165.235.13.30'),
(691, '165.235.13.31'),
(692, '165.235.13.32'),
(693, '165.235.13.33'),
(694, '165.235.13.34'),
(695, '165.235.13.35'),
(696, '165.235.13.36'),
(697, '165.235.13.37'),
(698, '165.235.13.38'),
(699, '165.235.13.39'),
(700, '165.235.13.4'),
(701, '165.235.13.40'),
(702, '165.235.13.41'),
(703, '165.235.13.42'),
(704, '165.235.13.43'),
(705, '165.235.13.44'),
(706, '165.235.13.45'),
(707, '165.235.13.46'),
(708, '165.235.13.47'),
(709, '165.235.13.48'),
(710, '165.235.13.49'),
(711, '165.235.13.5'),
(712, '165.235.13.50'),
(713, '165.235.13.51'),
(714, '165.235.13.52'),
(715, '165.235.13.53'),
(716, '165.235.13.54'),
(717, '165.235.13.55'),
(718, '165.235.13.56'),
(719, '165.235.13.57'),
(720, '165.235.13.58'),
(721, '165.235.13.59'),
(722, '165.235.13.6'),
(723, '165.235.13.60'),
(724, '165.235.13.61'),
(725, '165.235.13.62'),
(726, '165.235.13.63'),
(727, '165.235.13.64'),
(728, '165.235.13.65'),
(729, '165.235.13.66'),
(730, '165.235.13.67'),
(731, '165.235.13.68'),
(732, '165.235.13.69'),
(733, '165.235.13.7'),
(734, '165.235.13.70'),
(735, '165.235.13.71'),
(736, '165.235.13.72'),
(737, '165.235.13.73'),
(738, '165.235.13.74'),
(739, '165.235.13.75'),
(740, '165.235.13.76'),
(741, '165.235.13.77'),
(742, '165.235.13.78'),
(743, '165.235.13.79'),
(744, '165.235.13.8'),
(745, '165.235.13.80'),
(746, '165.235.13.81'),
(747, '165.235.13.82'),
(748, '165.235.13.83'),
(749, '165.235.13.84'),
(750, '165.235.13.85'),
(751, '165.235.13.86'),
(752, '165.235.13.87'),
(753, '165.235.13.88'),
(754, '165.235.13.89'),
(755, '165.235.13.9'),
(756, '165.235.13.90'),
(757, '165.235.13.91'),
(758, '165.235.13.92'),
(759, '165.235.13.93'),
(760, '165.235.13.94'),
(761, '165.235.13.95'),
(762, '165.235.13.96'),
(763, '165.235.13.97'),
(764, '165.235.13.98'),
(765, '165.235.13.99'),
(766, '165.235.18.0'),
(767, '165.235.18.1'),
(768, '165.235.18.10'),
(769, '165.235.18.100'),
(770, '165.235.18.101'),
(771, '165.235.18.102'),
(772, '165.235.18.103'),
(773, '165.235.18.104'),
(774, '165.235.18.105'),
(775, '165.235.18.106'),
(776, '165.235.18.107'),
(777, '165.235.18.108'),
(778, '165.235.18.109'),
(779, '165.235.18.11'),
(780, '165.235.18.110'),
(781, '165.235.18.111'),
(782, '165.235.18.112'),
(783, '165.235.18.113'),
(784, '165.235.18.114'),
(785, '165.235.18.115'),
(786, '165.235.18.116'),
(787, '165.235.18.117'),
(788, '165.235.18.118'),
(789, '165.235.18.119'),
(790, '165.235.18.12'),
(791, '165.235.18.120'),
(792, '165.235.18.121'),
(793, '165.235.18.122'),
(794, '165.235.18.123'),
(795, '165.235.18.124'),
(796, '165.235.18.125'),
(797, '165.235.18.126'),
(798, '165.235.18.127'),
(799, '165.235.18.128'),
(800, '165.235.18.129'),
(801, '165.235.18.13'),
(802, '165.235.18.130'),
(803, '165.235.18.131'),
(804, '165.235.18.132'),
(805, '165.235.18.133'),
(806, '165.235.18.134'),
(807, '165.235.18.135'),
(808, '165.235.18.136'),
(809, '165.235.18.137'),
(810, '165.235.18.138'),
(811, '165.235.18.139'),
(812, '165.235.18.14'),
(813, '165.235.18.140'),
(814, '165.235.18.141'),
(815, '165.235.18.142'),
(816, '165.235.18.143'),
(817, '165.235.18.144'),
(818, '165.235.18.145'),
(819, '165.235.18.146'),
(820, '165.235.18.147'),
(821, '165.235.18.148'),
(822, '165.235.18.149'),
(823, '165.235.18.15'),
(824, '165.235.18.150'),
(825, '165.235.18.151'),
(826, '165.235.18.152'),
(827, '165.235.18.153'),
(828, '165.235.18.154'),
(829, '165.235.18.155'),
(830, '165.235.18.156'),
(831, '165.235.18.157'),
(832, '165.235.18.158'),
(833, '165.235.18.159'),
(834, '165.235.18.16'),
(835, '165.235.18.160'),
(836, '165.235.18.161'),
(837, '165.235.18.162'),
(838, '165.235.18.163'),
(839, '165.235.18.164'),
(840, '165.235.18.165'),
(841, '165.235.18.166'),
(842, '165.235.18.167'),
(843, '165.235.18.168'),
(844, '165.235.18.169'),
(845, '165.235.18.17'),
(846, '165.235.18.170'),
(847, '165.235.18.171'),
(848, '165.235.18.172'),
(849, '165.235.18.173'),
(850, '165.235.18.174'),
(851, '165.235.18.175'),
(852, '165.235.18.176'),
(853, '165.235.18.177'),
(854, '165.235.18.178'),
(855, '165.235.18.179'),
(856, '165.235.18.18'),
(857, '165.235.18.180'),
(858, '165.235.18.181'),
(859, '165.235.18.182'),
(860, '165.235.18.183'),
(861, '165.235.18.184'),
(862, '165.235.18.185'),
(863, '165.235.18.186'),
(864, '165.235.18.187'),
(865, '165.235.18.188'),
(866, '165.235.18.189'),
(867, '165.235.18.19'),
(868, '165.235.18.190'),
(869, '165.235.18.191'),
(870, '165.235.18.192'),
(871, '165.235.18.193'),
(872, '165.235.18.194'),
(873, '165.235.18.195'),
(874, '165.235.18.196'),
(875, '165.235.18.197'),
(876, '165.235.18.198'),
(877, '165.235.18.199'),
(878, '165.235.18.2'),
(879, '165.235.18.20'),
(880, '165.235.18.200'),
(881, '165.235.18.201'),
(882, '165.235.18.202'),
(883, '165.235.18.203'),
(884, '165.235.18.204'),
(885, '165.235.18.205'),
(886, '165.235.18.206'),
(887, '165.235.18.207'),
(888, '165.235.18.208'),
(889, '165.235.18.209'),
(890, '165.235.18.21'),
(891, '165.235.18.210'),
(892, '165.235.18.211'),
(893, '165.235.18.212'),
(894, '165.235.18.213'),
(895, '165.235.18.214'),
(896, '165.235.18.215'),
(897, '165.235.18.216'),
(898, '165.235.18.217'),
(899, '165.235.18.218'),
(900, '165.235.18.219'),
(901, '165.235.18.22'),
(902, '165.235.18.220'),
(903, '165.235.18.221'),
(904, '165.235.18.222'),
(905, '165.235.18.223'),
(906, '165.235.18.224'),
(907, '165.235.18.225'),
(908, '165.235.18.226'),
(909, '165.235.18.227'),
(910, '165.235.18.228'),
(911, '165.235.18.229'),
(912, '165.235.18.23'),
(913, '165.235.18.230'),
(914, '165.235.18.231'),
(915, '165.235.18.232'),
(916, '165.235.18.233'),
(917, '165.235.18.234'),
(918, '165.235.18.235'),
(919, '165.235.18.236'),
(920, '165.235.18.237'),
(921, '165.235.18.238'),
(922, '165.235.18.239'),
(923, '165.235.18.24'),
(924, '165.235.18.240'),
(925, '165.235.18.241'),
(926, '165.235.18.242'),
(927, '165.235.18.243'),
(928, '165.235.18.244'),
(929, '165.235.18.245'),
(930, '165.235.18.246'),
(931, '165.235.18.247'),
(932, '165.235.18.248'),
(933, '165.235.18.249'),
(934, '165.235.18.25'),
(935, '165.235.18.250'),
(936, '165.235.18.251'),
(937, '165.235.18.252'),
(938, '165.235.18.253'),
(939, '165.235.18.254'),
(940, '165.235.18.26'),
(941, '165.235.18.27'),
(942, '165.235.18.28'),
(943, '165.235.18.29'),
(944, '165.235.18.3'),
(945, '165.235.18.30'),
(946, '165.235.18.31'),
(947, '165.235.18.32'),
(948, '165.235.18.33'),
(949, '165.235.18.34'),
(950, '165.235.18.35'),
(951, '165.235.18.36'),
(952, '165.235.18.37'),
(953, '165.235.18.38'),
(954, '165.235.18.39'),
(955, '165.235.18.4'),
(956, '165.235.18.40'),
(957, '165.235.18.41'),
(958, '165.235.18.42'),
(959, '165.235.18.43'),
(960, '165.235.18.44'),
(961, '165.235.18.45'),
(962, '165.235.18.46'),
(963, '165.235.18.47'),
(964, '165.235.18.48'),
(965, '165.235.18.49'),
(966, '165.235.18.5'),
(967, '165.235.18.50'),
(968, '165.235.18.51'),
(969, '165.235.18.52'),
(970, '165.235.18.53'),
(971, '165.235.18.54'),
(972, '165.235.18.55'),
(973, '165.235.18.56'),
(974, '165.235.18.57'),
(975, '165.235.18.58'),
(976, '165.235.18.59'),
(977, '165.235.18.6'),
(978, '165.235.18.60'),
(979, '165.235.18.61'),
(980, '165.235.18.62'),
(981, '165.235.18.63'),
(982, '165.235.18.64'),
(983, '165.235.18.65'),
(984, '165.235.18.66'),
(985, '165.235.18.67'),
(986, '165.235.18.68'),
(987, '165.235.18.69'),
(988, '165.235.18.7'),
(989, '165.235.18.70'),
(990, '165.235.18.71'),
(991, '165.235.18.72'),
(992, '165.235.18.73'),
(993, '165.235.18.74'),
(994, '165.235.18.75'),
(995, '165.235.18.76'),
(996, '165.235.18.77'),
(997, '165.235.18.78'),
(998, '165.235.18.79'),
(999, '165.235.18.8'),
(1000, '165.235.18.80'),
(1001, '165.235.18.81'),
(1002, '165.235.18.82'),
(1003, '165.235.18.83'),
(1004, '165.235.18.84'),
(1005, '165.235.18.85'),
(1006, '165.235.18.86'),
(1007, '165.235.18.87'),
(1008, '165.235.18.88'),
(1009, '165.235.18.89'),
(1010, '165.235.18.9'),
(1011, '165.235.18.90'),
(1012, '165.235.18.91'),
(1013, '165.235.18.92'),
(1014, '165.235.18.93'),
(1015, '165.235.18.94'),
(1016, '165.235.18.95'),
(1017, '165.235.18.96'),
(1018, '165.235.18.97'),
(1019, '165.235.18.98'),
(1020, '165.235.18.99'),
(1021, '165.235.219.0'),
(1022, '165.235.219.1'),
(1023, '165.235.219.10'),
(1024, '165.235.219.100'),
(1025, '165.235.219.101'),
(1026, '165.235.219.102'),
(1027, '165.235.219.103'),
(1028, '165.235.219.104'),
(1029, '165.235.219.105'),
(1030, '165.235.219.106'),
(1031, '165.235.219.107'),
(1032, '165.235.219.108'),
(1033, '165.235.219.109'),
(1034, '165.235.219.11'),
(1035, '165.235.219.110'),
(1036, '165.235.219.111'),
(1037, '165.235.219.112'),
(1038, '165.235.219.113'),
(1039, '165.235.219.114'),
(1040, '165.235.219.115'),
(1041, '165.235.219.116'),
(1042, '165.235.219.117'),
(1043, '165.235.219.118'),
(1044, '165.235.219.119'),
(1045, '165.235.219.12'),
(1046, '165.235.219.120'),
(1047, '165.235.219.121'),
(1048, '165.235.219.122'),
(1049, '165.235.219.123'),
(1050, '165.235.219.124'),
(1051, '165.235.219.125'),
(1052, '165.235.219.126'),
(1053, '165.235.219.127'),
(1054, '165.235.219.128'),
(1055, '165.235.219.129'),
(1056, '165.235.219.13'),
(1057, '165.235.219.130'),
(1058, '165.235.219.131'),
(1059, '165.235.219.132'),
(1060, '165.235.219.133'),
(1061, '165.235.219.134'),
(1062, '165.235.219.135'),
(1063, '165.235.219.136'),
(1064, '165.235.219.137'),
(1065, '165.235.219.138'),
(1066, '165.235.219.139'),
(1067, '165.235.219.14'),
(1068, '165.235.219.140'),
(1069, '165.235.219.141'),
(1070, '165.235.219.142'),
(1071, '165.235.219.143'),
(1072, '165.235.219.144'),
(1073, '165.235.219.145'),
(1074, '165.235.219.146'),
(1075, '165.235.219.147'),
(1076, '165.235.219.148'),
(1077, '165.235.219.149'),
(1078, '165.235.219.15'),
(1079, '165.235.219.150'),
(1080, '165.235.219.151'),
(1081, '165.235.219.152'),
(1082, '165.235.219.153'),
(1083, '165.235.219.154'),
(1084, '165.235.219.155'),
(1085, '165.235.219.156'),
(1086, '165.235.219.157'),
(1087, '165.235.219.158'),
(1088, '165.235.219.159'),
(1089, '165.235.219.16'),
(1090, '165.235.219.160'),
(1091, '165.235.219.161'),
(1092, '165.235.219.162'),
(1093, '165.235.219.163'),
(1094, '165.235.219.164'),
(1095, '165.235.219.165'),
(1096, '165.235.219.166'),
(1097, '165.235.219.167'),
(1098, '165.235.219.168'),
(1099, '165.235.219.169'),
(1100, '165.235.219.17'),
(1101, '165.235.219.170'),
(1102, '165.235.219.171'),
(1103, '165.235.219.172'),
(1104, '165.235.219.173'),
(1105, '165.235.219.174'),
(1106, '165.235.219.175'),
(1107, '165.235.219.176'),
(1108, '165.235.219.177'),
(1109, '165.235.219.178'),
(1110, '165.235.219.179'),
(1111, '165.235.219.18'),
(1112, '165.235.219.180'),
(1113, '165.235.219.181'),
(1114, '165.235.219.182'),
(1115, '165.235.219.183'),
(1116, '165.235.219.184'),
(1117, '165.235.219.185'),
(1118, '165.235.219.186'),
(1119, '165.235.219.187'),
(1120, '165.235.219.188'),
(1121, '165.235.219.189'),
(1122, '165.235.219.19'),
(1123, '165.235.219.190'),
(1124, '165.235.219.191'),
(1125, '165.235.219.192'),
(1126, '165.235.219.193'),
(1127, '165.235.219.194'),
(1128, '165.235.219.195'),
(1129, '165.235.219.196'),
(1130, '165.235.219.197'),
(1131, '165.235.219.198'),
(1132, '165.235.219.199'),
(1133, '165.235.219.2'),
(1134, '165.235.219.20'),
(1135, '165.235.219.200'),
(1136, '165.235.219.201'),
(1137, '165.235.219.202'),
(1138, '165.235.219.203'),
(1139, '165.235.219.204'),
(1140, '165.235.219.205'),
(1141, '165.235.219.206'),
(1142, '165.235.219.207'),
(1143, '165.235.219.208'),
(1144, '165.235.219.209'),
(1145, '165.235.219.21'),
(1146, '165.235.219.210'),
(1147, '165.235.219.211'),
(1148, '165.235.219.212'),
(1149, '165.235.219.213'),
(1150, '165.235.219.214'),
(1151, '165.235.219.215'),
(1152, '165.235.219.216'),
(1153, '165.235.219.217'),
(1154, '165.235.219.218'),
(1155, '165.235.219.219'),
(1156, '165.235.219.22'),
(1157, '165.235.219.220'),
(1158, '165.235.219.221'),
(1159, '165.235.219.222'),
(1160, '165.235.219.223'),
(1161, '165.235.219.224'),
(1162, '165.235.219.225'),
(1163, '165.235.219.226'),
(1164, '165.235.219.227'),
(1165, '165.235.219.228'),
(1166, '165.235.219.229'),
(1167, '165.235.219.23'),
(1168, '165.235.219.230'),
(1169, '165.235.219.231'),
(1170, '165.235.219.232'),
(1171, '165.235.219.233'),
(1172, '165.235.219.234'),
(1173, '165.235.219.235'),
(1174, '165.235.219.236'),
(1175, '165.235.219.237'),
(1176, '165.235.219.238'),
(1177, '165.235.219.239'),
(1178, '165.235.219.24'),
(1179, '165.235.219.240'),
(1180, '165.235.219.241'),
(1181, '165.235.219.242'),
(1182, '165.235.219.243'),
(1183, '165.235.219.244'),
(1184, '165.235.219.245'),
(1185, '165.235.219.246'),
(1186, '165.235.219.247'),
(1187, '165.235.219.248'),
(1188, '165.235.219.249'),
(1189, '165.235.219.25'),
(1190, '165.235.219.250'),
(1191, '165.235.219.251'),
(1192, '165.235.219.252'),
(1193, '165.235.219.253'),
(1194, '165.235.219.254'),
(1195, '165.235.219.26'),
(1196, '165.235.219.27'),
(1197, '165.235.219.28'),
(1198, '165.235.219.29'),
(1199, '165.235.219.3'),
(1200, '165.235.219.30'),
(1201, '165.235.219.31'),
(1202, '165.235.219.32'),
(1203, '165.235.219.33'),
(1204, '165.235.219.34'),
(1205, '165.235.219.35'),
(1206, '165.235.219.36'),
(1207, '165.235.219.37'),
(1208, '165.235.219.38'),
(1209, '165.235.219.39'),
(1210, '165.235.219.4'),
(1211, '165.235.219.40'),
(1212, '165.235.219.41'),
(1213, '165.235.219.42'),
(1214, '165.235.219.43'),
(1215, '165.235.219.44'),
(1216, '165.235.219.45'),
(1217, '165.235.219.46'),
(1218, '165.235.219.47'),
(1219, '165.235.219.48'),
(1220, '165.235.219.49'),
(1221, '165.235.219.5'),
(1222, '165.235.219.50'),
(1223, '165.235.219.51'),
(1224, '165.235.219.52'),
(1225, '165.235.219.53'),
(1226, '165.235.219.54'),
(1227, '165.235.219.55'),
(1228, '165.235.219.56'),
(1229, '165.235.219.57'),
(1230, '165.235.219.58'),
(1231, '165.235.219.59'),
(1232, '165.235.219.6'),
(1233, '165.235.219.60'),
(1234, '165.235.219.61'),
(1235, '165.235.219.62'),
(1236, '165.235.219.63'),
(1237, '165.235.219.64'),
(1238, '165.235.219.65'),
(1239, '165.235.219.66'),
(1240, '165.235.219.67'),
(1241, '165.235.219.68'),
(1242, '165.235.219.69'),
(1243, '165.235.219.7'),
(1244, '165.235.219.70'),
(1245, '165.235.219.71'),
(1246, '165.235.219.72'),
(1247, '165.235.219.73'),
(1248, '165.235.219.74'),
(1249, '165.235.219.75'),
(1250, '165.235.219.76'),
(1251, '165.235.219.77'),
(1252, '165.235.219.78'),
(1253, '165.235.219.79'),
(1254, '165.235.219.8'),
(1255, '165.235.219.80'),
(1256, '165.235.219.81'),
(1257, '165.235.219.82'),
(1258, '165.235.219.83'),
(1259, '165.235.219.84'),
(1260, '165.235.219.85'),
(1261, '165.235.219.86'),
(1262, '165.235.219.87'),
(1263, '165.235.219.88'),
(1264, '165.235.219.89'),
(1265, '165.235.219.9'),
(1266, '165.235.219.90'),
(1267, '165.235.219.91'),
(1268, '165.235.219.92'),
(1269, '165.235.219.93'),
(1270, '165.235.219.94'),
(1271, '165.235.219.95'),
(1272, '165.235.219.96'),
(1273, '165.235.219.97'),
(1274, '165.235.219.98'),
(1275, '165.235.219.99'),
(1276, '165.235.237.0'),
(1277, '165.235.237.1'),
(1278, '165.235.237.10'),
(1279, '165.235.237.100'),
(1280, '165.235.237.101'),
(1281, '165.235.237.102'),
(1282, '165.235.237.103'),
(1283, '165.235.237.104'),
(1284, '165.235.237.105'),
(1285, '165.235.237.106'),
(1286, '165.235.237.107'),
(1287, '165.235.237.108'),
(1288, '165.235.237.109'),
(1289, '165.235.237.11'),
(1290, '165.235.237.110'),
(1291, '165.235.237.111'),
(1292, '165.235.237.112'),
(1293, '165.235.237.113'),
(1294, '165.235.237.114'),
(1295, '165.235.237.115'),
(1296, '165.235.237.116'),
(1297, '165.235.237.117'),
(1298, '165.235.237.118'),
(1299, '165.235.237.119'),
(1300, '165.235.237.12'),
(1301, '165.235.237.120'),
(1302, '165.235.237.121'),
(1303, '165.235.237.122'),
(1304, '165.235.237.123'),
(1305, '165.235.237.124'),
(1306, '165.235.237.125'),
(1307, '165.235.237.126'),
(1308, '165.235.237.127'),
(1309, '165.235.237.128'),
(1310, '165.235.237.129'),
(1311, '165.235.237.13'),
(1312, '165.235.237.130'),
(1313, '165.235.237.131'),
(1314, '165.235.237.132'),
(1315, '165.235.237.133'),
(1316, '165.235.237.134'),
(1317, '165.235.237.135'),
(1318, '165.235.237.136'),
(1319, '165.235.237.137'),
(1320, '165.235.237.138'),
(1321, '165.235.237.139'),
(1322, '165.235.237.14'),
(1323, '165.235.237.140'),
(1324, '165.235.237.141'),
(1325, '165.235.237.142'),
(1326, '165.235.237.143'),
(1327, '165.235.237.144'),
(1328, '165.235.237.145'),
(1329, '165.235.237.146'),
(1330, '165.235.237.147'),
(1331, '165.235.237.148'),
(1332, '165.235.237.149'),
(1333, '165.235.237.15'),
(1334, '165.235.237.150'),
(1335, '165.235.237.151'),
(1336, '165.235.237.152'),
(1337, '165.235.237.153'),
(1338, '165.235.237.154'),
(1339, '165.235.237.155'),
(1340, '165.235.237.156'),
(1341, '165.235.237.157'),
(1342, '165.235.237.158'),
(1343, '165.235.237.159'),
(1344, '165.235.237.16'),
(1345, '165.235.237.160'),
(1346, '165.235.237.161'),
(1347, '165.235.237.162'),
(1348, '165.235.237.163'),
(1349, '165.235.237.164'),
(1350, '165.235.237.165'),
(1351, '165.235.237.166'),
(1352, '165.235.237.167'),
(1353, '165.235.237.168'),
(1354, '165.235.237.169'),
(1355, '165.235.237.17'),
(1356, '165.235.237.170'),
(1357, '165.235.237.171'),
(1358, '165.235.237.172'),
(1359, '165.235.237.173'),
(1360, '165.235.237.174'),
(1361, '165.235.237.175'),
(1362, '165.235.237.176'),
(1363, '165.235.237.177'),
(1364, '165.235.237.178'),
(1365, '165.235.237.179'),
(1366, '165.235.237.18'),
(1367, '165.235.237.180'),
(1368, '165.235.237.181'),
(1369, '165.235.237.182'),
(1370, '165.235.237.183'),
(1371, '165.235.237.184'),
(1372, '165.235.237.185'),
(1373, '165.235.237.186'),
(1374, '165.235.237.187'),
(1375, '165.235.237.188'),
(1376, '165.235.237.189'),
(1377, '165.235.237.19'),
(1378, '165.235.237.190'),
(1379, '165.235.237.191'),
(1380, '165.235.237.192'),
(1381, '165.235.237.193'),
(1382, '165.235.237.194'),
(1383, '165.235.237.195'),
(1384, '165.235.237.196'),
(1385, '165.235.237.197'),
(1386, '165.235.237.198'),
(1387, '165.235.237.199'),
(1388, '165.235.237.2'),
(1389, '165.235.237.20'),
(1390, '165.235.237.200'),
(1391, '165.235.237.201'),
(1392, '165.235.237.202'),
(1393, '165.235.237.203'),
(1394, '165.235.237.204'),
(1395, '165.235.237.205'),
(1396, '165.235.237.206'),
(1397, '165.235.237.207'),
(1398, '165.235.237.208'),
(1399, '165.235.237.209'),
(1400, '165.235.237.21'),
(1401, '165.235.237.210'),
(1402, '165.235.237.211'),
(1403, '165.235.237.212'),
(1404, '165.235.237.213'),
(1405, '165.235.237.214'),
(1406, '165.235.237.215'),
(1407, '165.235.237.216'),
(1408, '165.235.237.217'),
(1409, '165.235.237.218'),
(1410, '165.235.237.219'),
(1411, '165.235.237.22'),
(1412, '165.235.237.220'),
(1413, '165.235.237.221'),
(1414, '165.235.237.222'),
(1415, '165.235.237.223'),
(1416, '165.235.237.224'),
(1417, '165.235.237.225'),
(1418, '165.235.237.226'),
(1419, '165.235.237.227'),
(1420, '165.235.237.228'),
(1421, '165.235.237.229'),
(1422, '165.235.237.23'),
(1423, '165.235.237.230'),
(1424, '165.235.237.231'),
(1425, '165.235.237.232'),
(1426, '165.235.237.233'),
(1427, '165.235.237.234'),
(1428, '165.235.237.235'),
(1429, '165.235.237.236'),
(1430, '165.235.237.237'),
(1431, '165.235.237.238'),
(1432, '165.235.237.239'),
(1433, '165.235.237.24'),
(1434, '165.235.237.240'),
(1435, '165.235.237.241'),
(1436, '165.235.237.242'),
(1437, '165.235.237.243'),
(1438, '165.235.237.244'),
(1439, '165.235.237.245'),
(1440, '165.235.237.246'),
(1441, '165.235.237.247'),
(1442, '165.235.237.248'),
(1443, '165.235.237.249'),
(1444, '165.235.237.25'),
(1445, '165.235.237.250'),
(1446, '165.235.237.251'),
(1447, '165.235.237.252'),
(1448, '165.235.237.253'),
(1449, '165.235.237.254'),
(1450, '165.235.237.26'),
(1451, '165.235.237.27'),
(1452, '165.235.237.28'),
(1453, '165.235.237.29'),
(1454, '165.235.237.3'),
(1455, '165.235.237.30'),
(1456, '165.235.237.31'),
(1457, '165.235.237.32'),
(1458, '165.235.237.33'),
(1459, '165.235.237.34'),
(1460, '165.235.237.35'),
(1461, '165.235.237.36'),
(1462, '165.235.237.37'),
(1463, '165.235.237.38'),
(1464, '165.235.237.39'),
(1465, '165.235.237.4'),
(1466, '165.235.237.40'),
(1467, '165.235.237.41'),
(1468, '165.235.237.42'),
(1469, '165.235.237.43'),
(1470, '165.235.237.44'),
(1471, '165.235.237.45'),
(1472, '165.235.237.46'),
(1473, '165.235.237.47'),
(1474, '165.235.237.48'),
(1475, '165.235.237.49'),
(1476, '165.235.237.5'),
(1477, '165.235.237.50'),
(1478, '165.235.237.51'),
(1479, '165.235.237.52'),
(1480, '165.235.237.53'),
(1481, '165.235.237.54'),
(1482, '165.235.237.55'),
(1483, '165.235.237.56'),
(1484, '165.235.237.57'),
(1485, '165.235.237.58'),
(1486, '165.235.237.59'),
(1487, '165.235.237.6'),
(1488, '165.235.237.60'),
(1489, '165.235.237.61'),
(1490, '165.235.237.62'),
(1491, '165.235.237.63'),
(1492, '165.235.237.64'),
(1493, '165.235.237.65'),
(1494, '165.235.237.66'),
(1495, '165.235.237.67'),
(1496, '165.235.237.68'),
(1497, '165.235.237.69'),
(1498, '165.235.237.7'),
(1499, '165.235.237.70'),
(1500, '165.235.237.71'),
(1501, '165.235.237.72'),
(1502, '165.235.237.73'),
(1503, '165.235.237.74'),
(1504, '165.235.237.75'),
(1505, '165.235.237.76'),
(1506, '165.235.237.77'),
(1507, '165.235.237.78'),
(1508, '165.235.237.79'),
(1509, '165.235.237.8'),
(1510, '165.235.237.80'),
(1511, '165.235.237.81'),
(1512, '165.235.237.82'),
(1513, '165.235.237.83'),
(1514, '165.235.237.84'),
(1515, '165.235.237.85'),
(1516, '165.235.237.86'),
(1517, '165.235.237.87'),
(1518, '165.235.237.88'),
(1519, '165.235.237.89'),
(1520, '165.235.237.9'),
(1521, '165.235.237.90'),
(1522, '165.235.237.91'),
(1523, '165.235.237.92'),
(1524, '165.235.237.93'),
(1525, '165.235.237.94'),
(1526, '165.235.237.95'),
(1527, '165.235.237.96'),
(1528, '165.235.237.97'),
(1529, '165.235.237.98'),
(1530, '165.235.237.99'),
(1531, '165.235.240.0'),
(1532, '165.235.240.1'),
(1533, '165.235.240.10'),
(1534, '165.235.240.100'),
(1535, '165.235.240.101'),
(1536, '165.235.240.102'),
(1537, '165.235.240.103'),
(1538, '165.235.240.104'),
(1539, '165.235.240.105'),
(1540, '165.235.240.106'),
(1541, '165.235.240.107'),
(1542, '165.235.240.108'),
(1543, '165.235.240.109'),
(1544, '165.235.240.11'),
(1545, '165.235.240.110'),
(1546, '165.235.240.111'),
(1547, '165.235.240.112'),
(1548, '165.235.240.113'),
(1549, '165.235.240.114'),
(1550, '165.235.240.115'),
(1551, '165.235.240.116'),
(1552, '165.235.240.117'),
(1553, '165.235.240.118'),
(1554, '165.235.240.119'),
(1555, '165.235.240.12'),
(1556, '165.235.240.120'),
(1557, '165.235.240.121'),
(1558, '165.235.240.122'),
(1559, '165.235.240.123'),
(1560, '165.235.240.124'),
(1561, '165.235.240.125'),
(1562, '165.235.240.126'),
(1563, '165.235.240.127'),
(1564, '165.235.240.128'),
(1565, '165.235.240.129'),
(1566, '165.235.240.13'),
(1567, '165.235.240.130'),
(1568, '165.235.240.131'),
(1569, '165.235.240.132'),
(1570, '165.235.240.133'),
(1571, '165.235.240.134'),
(1572, '165.235.240.135'),
(1573, '165.235.240.136'),
(1574, '165.235.240.137'),
(1575, '165.235.240.138'),
(1576, '165.235.240.139'),
(1577, '165.235.240.14'),
(1578, '165.235.240.140'),
(1579, '165.235.240.141'),
(1580, '165.235.240.142'),
(1581, '165.235.240.143'),
(1582, '165.235.240.144'),
(1583, '165.235.240.145'),
(1584, '165.235.240.146'),
(1585, '165.235.240.147'),
(1586, '165.235.240.148'),
(1587, '165.235.240.149'),
(1588, '165.235.240.15'),
(1589, '165.235.240.150'),
(1590, '165.235.240.151'),
(1591, '165.235.240.152'),
(1592, '165.235.240.153'),
(1593, '165.235.240.154'),
(1594, '165.235.240.155'),
(1595, '165.235.240.156'),
(1596, '165.235.240.157'),
(1597, '165.235.240.158'),
(1598, '165.235.240.159'),
(1599, '165.235.240.16'),
(1600, '165.235.240.160'),
(1601, '165.235.240.161'),
(1602, '165.235.240.162'),
(1603, '165.235.240.163'),
(1604, '165.235.240.164'),
(1605, '165.235.240.165'),
(1606, '165.235.240.166'),
(1607, '165.235.240.167'),
(1608, '165.235.240.168'),
(1609, '165.235.240.169'),
(1610, '165.235.240.17'),
(1611, '165.235.240.170'),
(1612, '165.235.240.171'),
(1613, '165.235.240.172'),
(1614, '165.235.240.173'),
(1615, '165.235.240.174'),
(1616, '165.235.240.175'),
(1617, '165.235.240.176'),
(1618, '165.235.240.177'),
(1619, '165.235.240.178'),
(1620, '165.235.240.179'),
(1621, '165.235.240.18'),
(1622, '165.235.240.180'),
(1623, '165.235.240.181'),
(1624, '165.235.240.182'),
(1625, '165.235.240.183'),
(1626, '165.235.240.184'),
(1627, '165.235.240.185'),
(1628, '165.235.240.186'),
(1629, '165.235.240.187'),
(1630, '165.235.240.188'),
(1631, '165.235.240.189'),
(1632, '165.235.240.19'),
(1633, '165.235.240.190'),
(1634, '165.235.240.191'),
(1635, '165.235.240.192'),
(1636, '165.235.240.193'),
(1637, '165.235.240.194'),
(1638, '165.235.240.195'),
(1639, '165.235.240.196'),
(1640, '165.235.240.197'),
(1641, '165.235.240.198'),
(1642, '165.235.240.199'),
(1643, '165.235.240.2'),
(1644, '165.235.240.20'),
(1645, '165.235.240.200'),
(1646, '165.235.240.201'),
(1647, '165.235.240.202'),
(1648, '165.235.240.203'),
(1649, '165.235.240.204'),
(1650, '165.235.240.205'),
(1651, '165.235.240.206'),
(1652, '165.235.240.207'),
(1653, '165.235.240.208'),
(1654, '165.235.240.209'),
(1655, '165.235.240.21'),
(1656, '165.235.240.210'),
(1657, '165.235.240.211'),
(1658, '165.235.240.212'),
(1659, '165.235.240.213'),
(1660, '165.235.240.214'),
(1661, '165.235.240.215'),
(1662, '165.235.240.216'),
(1663, '165.235.240.217'),
(1664, '165.235.240.218'),
(1665, '165.235.240.219'),
(1666, '165.235.240.22'),
(1667, '165.235.240.220'),
(1668, '165.235.240.221'),
(1669, '165.235.240.222'),
(1670, '165.235.240.223'),
(1671, '165.235.240.224'),
(1672, '165.235.240.225'),
(1673, '165.235.240.226'),
(1674, '165.235.240.227'),
(1675, '165.235.240.228'),
(1676, '165.235.240.229'),
(1677, '165.235.240.23'),
(1678, '165.235.240.230'),
(1679, '165.235.240.231'),
(1680, '165.235.240.232'),
(1681, '165.235.240.233'),
(1682, '165.235.240.234'),
(1683, '165.235.240.235'),
(1684, '165.235.240.236'),
(1685, '165.235.240.237'),
(1686, '165.235.240.238'),
(1687, '165.235.240.239'),
(1688, '165.235.240.24'),
(1689, '165.235.240.240'),
(1690, '165.235.240.241'),
(1691, '165.235.240.242'),
(1692, '165.235.240.243'),
(1693, '165.235.240.244'),
(1694, '165.235.240.245'),
(1695, '165.235.240.246'),
(1696, '165.235.240.247'),
(1697, '165.235.240.248'),
(1698, '165.235.240.249'),
(1699, '165.235.240.25'),
(1700, '165.235.240.250'),
(1701, '165.235.240.251'),
(1702, '165.235.240.252'),
(1703, '165.235.240.253'),
(1704, '165.235.240.254'),
(1705, '165.235.240.26'),
(1706, '165.235.240.27'),
(1707, '165.235.240.28'),
(1708, '165.235.240.29'),
(1709, '165.235.240.3'),
(1710, '165.235.240.30'),
(1711, '165.235.240.31'),
(1712, '165.235.240.32'),
(1713, '165.235.240.33'),
(1714, '165.235.240.34'),
(1715, '165.235.240.35'),
(1716, '165.235.240.36'),
(1717, '165.235.240.37'),
(1718, '165.235.240.38'),
(1719, '165.235.240.39'),
(1720, '165.235.240.4'),
(1721, '165.235.240.40'),
(1722, '165.235.240.41'),
(1723, '165.235.240.42'),
(1724, '165.235.240.43'),
(1725, '165.235.240.44'),
(1726, '165.235.240.45'),
(1727, '165.235.240.46'),
(1728, '165.235.240.47'),
(1729, '165.235.240.48'),
(1730, '165.235.240.49'),
(1731, '165.235.240.5'),
(1732, '165.235.240.50'),
(1733, '165.235.240.51'),
(1734, '165.235.240.52'),
(1735, '165.235.240.53'),
(1736, '165.235.240.54'),
(1737, '165.235.240.55'),
(1738, '165.235.240.56'),
(1739, '165.235.240.57'),
(1740, '165.235.240.58'),
(1741, '165.235.240.59'),
(1742, '165.235.240.6'),
(1743, '165.235.240.60'),
(1744, '165.235.240.61'),
(1745, '165.235.240.62'),
(1746, '165.235.240.63'),
(1747, '165.235.240.64'),
(1748, '165.235.240.65'),
(1749, '165.235.240.66'),
(1750, '165.235.240.67'),
(1751, '165.235.240.68'),
(1752, '165.235.240.69'),
(1753, '165.235.240.7'),
(1754, '165.235.240.70'),
(1755, '165.235.240.71'),
(1756, '165.235.240.72'),
(1757, '165.235.240.73'),
(1758, '165.235.240.74'),
(1759, '165.235.240.75'),
(1760, '165.235.240.76'),
(1761, '165.235.240.77'),
(1762, '165.235.240.78'),
(1763, '165.235.240.79'),
(1764, '165.235.240.8'),
(1765, '165.235.240.80'),
(1766, '165.235.240.81'),
(1767, '165.235.240.82'),
(1768, '165.235.240.83'),
(1769, '165.235.240.84'),
(1770, '165.235.240.85'),
(1771, '165.235.240.86'),
(1772, '165.235.240.87'),
(1773, '165.235.240.88'),
(1774, '165.235.240.89'),
(1775, '165.235.240.9'),
(1776, '165.235.240.90'),
(1777, '165.235.240.91'),
(1778, '165.235.240.92'),
(1779, '165.235.240.93'),
(1780, '165.235.240.94'),
(1781, '165.235.240.95'),
(1782, '165.235.240.96'),
(1783, '165.235.240.97'),
(1784, '165.235.240.98'),
(1785, '165.235.240.99'),
(1786, '165.235.243.0'),
(1787, '165.235.243.1'),
(1788, '165.235.243.10'),
(1789, '165.235.243.100'),
(1790, '165.235.243.101'),
(1791, '165.235.243.102'),
(1792, '165.235.243.103'),
(1793, '165.235.243.104'),
(1794, '165.235.243.105'),
(1795, '165.235.243.106'),
(1796, '165.235.243.107'),
(1797, '165.235.243.108'),
(1798, '165.235.243.109'),
(1799, '165.235.243.11'),
(1800, '165.235.243.110'),
(1801, '165.235.243.111'),
(1802, '165.235.243.112'),
(1803, '165.235.243.113'),
(1804, '165.235.243.114'),
(1805, '165.235.243.115'),
(1806, '165.235.243.116'),
(1807, '165.235.243.117'),
(1808, '165.235.243.118'),
(1809, '165.235.243.119'),
(1810, '165.235.243.12'),
(1811, '165.235.243.120'),
(1812, '165.235.243.121'),
(1813, '165.235.243.122'),
(1814, '165.235.243.123'),
(1815, '165.235.243.124'),
(1816, '165.235.243.125'),
(1817, '165.235.243.126'),
(1818, '165.235.243.127'),
(1819, '165.235.243.128'),
(1820, '165.235.243.129'),
(1821, '165.235.243.13'),
(1822, '165.235.243.130'),
(1823, '165.235.243.131'),
(1824, '165.235.243.132'),
(1825, '165.235.243.133'),
(1826, '165.235.243.134'),
(1827, '165.235.243.135'),
(1828, '165.235.243.136'),
(1829, '165.235.243.137'),
(1830, '165.235.243.138'),
(1831, '165.235.243.139'),
(1832, '165.235.243.14'),
(1833, '165.235.243.140'),
(1834, '165.235.243.141'),
(1835, '165.235.243.142'),
(1836, '165.235.243.143'),
(1837, '165.235.243.144'),
(1838, '165.235.243.145'),
(1839, '165.235.243.146'),
(1840, '165.235.243.147'),
(1841, '165.235.243.148'),
(1842, '165.235.243.149'),
(1843, '165.235.243.15'),
(1844, '165.235.243.150'),
(1845, '165.235.243.151'),
(1846, '165.235.243.152'),
(1847, '165.235.243.153'),
(1848, '165.235.243.154'),
(1849, '165.235.243.155'),
(1850, '165.235.243.156'),
(1851, '165.235.243.157'),
(1852, '165.235.243.158'),
(1853, '165.235.243.159'),
(1854, '165.235.243.16'),
(1855, '165.235.243.160'),
(1856, '165.235.243.161'),
(1857, '165.235.243.162'),
(1858, '165.235.243.163'),
(1859, '165.235.243.164'),
(1860, '165.235.243.165'),
(1861, '165.235.243.166'),
(1862, '165.235.243.167'),
(1863, '165.235.243.168'),
(1864, '165.235.243.169'),
(1865, '165.235.243.17'),
(1866, '165.235.243.170'),
(1867, '165.235.243.171'),
(1868, '165.235.243.172'),
(1869, '165.235.243.173'),
(1870, '165.235.243.174'),
(1871, '165.235.243.175'),
(1872, '165.235.243.176'),
(1873, '165.235.243.177'),
(1874, '165.235.243.178'),
(1875, '165.235.243.179'),
(1876, '165.235.243.18'),
(1877, '165.235.243.180'),
(1878, '165.235.243.181'),
(1879, '165.235.243.182'),
(1880, '165.235.243.183'),
(1881, '165.235.243.184'),
(1882, '165.235.243.185'),
(1883, '165.235.243.186'),
(1884, '165.235.243.187'),
(1885, '165.235.243.188'),
(1886, '165.235.243.189'),
(1887, '165.235.243.19'),
(1888, '165.235.243.190'),
(1889, '165.235.243.191'),
(1890, '165.235.243.192'),
(1891, '165.235.243.193'),
(1892, '165.235.243.194'),
(1893, '165.235.243.195'),
(1894, '165.235.243.196'),
(1895, '165.235.243.197'),
(1896, '165.235.243.198'),
(1897, '165.235.243.199'),
(1898, '165.235.243.2'),
(1899, '165.235.243.20'),
(1900, '165.235.243.200'),
(1901, '165.235.243.201'),
(1902, '165.235.243.202'),
(1903, '165.235.243.203'),
(1904, '165.235.243.204'),
(1905, '165.235.243.205'),
(1906, '165.235.243.206'),
(1907, '165.235.243.207'),
(1908, '165.235.243.208'),
(1909, '165.235.243.209'),
(1910, '165.235.243.21'),
(1911, '165.235.243.210'),
(1912, '165.235.243.211'),
(1913, '165.235.243.212'),
(1914, '165.235.243.213'),
(1915, '165.235.243.214'),
(1916, '165.235.243.215'),
(1917, '165.235.243.216'),
(1918, '165.235.243.217'),
(1919, '165.235.243.218'),
(1920, '165.235.243.219'),
(1921, '165.235.243.22'),
(1922, '165.235.243.220'),
(1923, '165.235.243.221'),
(1924, '165.235.243.222'),
(1925, '165.235.243.223'),
(1926, '165.235.243.224'),
(1927, '165.235.243.225'),
(1928, '165.235.243.226'),
(1929, '165.235.243.227'),
(1930, '165.235.243.228'),
(1931, '165.235.243.229'),
(1932, '165.235.243.23'),
(1933, '165.235.243.230'),
(1934, '165.235.243.231'),
(1935, '165.235.243.232'),
(1936, '165.235.243.233'),
(1937, '165.235.243.234'),
(1938, '165.235.243.235'),
(1939, '165.235.243.236'),
(1940, '165.235.243.237'),
(1941, '165.235.243.238'),
(1942, '165.235.243.239'),
(1943, '165.235.243.24'),
(1944, '165.235.243.240'),
(1945, '165.235.243.241'),
(1946, '165.235.243.242'),
(1947, '165.235.243.243'),
(1948, '165.235.243.244'),
(1949, '165.235.243.245'),
(1950, '165.235.243.246'),
(1951, '165.235.243.247'),
(1952, '165.235.243.248'),
(1953, '165.235.243.249'),
(1954, '165.235.243.25'),
(1955, '165.235.243.250'),
(1956, '165.235.243.251'),
(1957, '165.235.243.252'),
(1958, '165.235.243.253'),
(1959, '165.235.243.254'),
(1960, '165.235.243.26'),
(1961, '165.235.243.27'),
(1962, '165.235.243.28'),
(1963, '165.235.243.29'),
(1964, '165.235.243.3'),
(1965, '165.235.243.30'),
(1966, '165.235.243.31'),
(1967, '165.235.243.32'),
(1968, '165.235.243.33'),
(1969, '165.235.243.34'),
(1970, '165.235.243.35'),
(1971, '165.235.243.36'),
(1972, '165.235.243.37'),
(1973, '165.235.243.38'),
(1974, '165.235.243.39'),
(1975, '165.235.243.4'),
(1976, '165.235.243.40'),
(1977, '165.235.243.41'),
(1978, '165.235.243.42'),
(1979, '165.235.243.43'),
(1980, '165.235.243.44'),
(1981, '165.235.243.45'),
(1982, '165.235.243.46'),
(1983, '165.235.243.47'),
(1984, '165.235.243.48'),
(1985, '165.235.243.49'),
(1986, '165.235.243.5'),
(1987, '165.235.243.50'),
(1988, '165.235.243.51'),
(1989, '165.235.243.52'),
(1990, '165.235.243.53'),
(1991, '165.235.243.54'),
(1992, '165.235.243.55'),
(1993, '165.235.243.56'),
(1994, '165.235.243.57'),
(1995, '165.235.243.58'),
(1996, '165.235.243.59'),
(1997, '165.235.243.6'),
(1998, '165.235.243.60'),
(1999, '165.235.243.61'),
(2000, '165.235.243.62'),
(2001, '165.235.243.63'),
(2002, '165.235.243.64'),
(2003, '165.235.243.65'),
(2004, '165.235.243.66'),
(2005, '165.235.243.67'),
(2006, '165.235.243.68'),
(2007, '165.235.243.69'),
(2008, '165.235.243.7'),
(2009, '165.235.243.70'),
(2010, '165.235.243.71'),
(2011, '165.235.243.72'),
(2012, '165.235.243.73'),
(2013, '165.235.243.74'),
(2014, '165.235.243.75'),
(2015, '165.235.243.76'),
(2016, '165.235.243.77'),
(2017, '165.235.243.78'),
(2018, '165.235.243.79'),
(2019, '165.235.243.8'),
(2020, '165.235.243.80'),
(2021, '165.235.243.81'),
(2022, '165.235.243.82'),
(2023, '165.235.243.83'),
(2024, '165.235.243.84'),
(2025, '165.235.243.85'),
(2026, '165.235.243.86'),
(2027, '165.235.243.87'),
(2028, '165.235.243.88'),
(2029, '165.235.243.89'),
(2030, '165.235.243.9'),
(2031, '165.235.243.90'),
(2032, '165.235.243.91'),
(2033, '165.235.243.92'),
(2034, '165.235.243.93'),
(2035, '165.235.243.94'),
(2036, '165.235.243.95'),
(2037, '165.235.243.96'),
(2038, '165.235.243.97'),
(2039, '165.235.243.98'),
(2040, '165.235.243.99'),
(2041, '165.235.246.0'),
(2042, '165.235.246.1'),
(2043, '165.235.246.10'),
(2044, '165.235.246.100'),
(2045, '165.235.246.101'),
(2046, '165.235.246.102'),
(2047, '165.235.246.103'),
(2048, '165.235.246.104'),
(2049, '165.235.246.105'),
(2050, '165.235.246.106'),
(2051, '165.235.246.107'),
(2052, '165.235.246.108'),
(2053, '165.235.246.109'),
(2054, '165.235.246.11'),
(2055, '165.235.246.110'),
(2056, '165.235.246.111'),
(2057, '165.235.246.112'),
(2058, '165.235.246.113'),
(2059, '165.235.246.114'),
(2060, '165.235.246.115'),
(2061, '165.235.246.116'),
(2062, '165.235.246.117'),
(2063, '165.235.246.118'),
(2064, '165.235.246.119'),
(2065, '165.235.246.12'),
(2066, '165.235.246.120'),
(2067, '165.235.246.121'),
(2068, '165.235.246.122'),
(2069, '165.235.246.123'),
(2070, '165.235.246.124'),
(2071, '165.235.246.125'),
(2072, '165.235.246.126'),
(2073, '165.235.246.127'),
(2074, '165.235.246.128'),
(2075, '165.235.246.129'),
(2076, '165.235.246.13'),
(2077, '165.235.246.130'),
(2078, '165.235.246.131'),
(2079, '165.235.246.132'),
(2080, '165.235.246.133'),
(2081, '165.235.246.134'),
(2082, '165.235.246.135'),
(2083, '165.235.246.136'),
(2084, '165.235.246.137'),
(2085, '165.235.246.138'),
(2086, '165.235.246.139'),
(2087, '165.235.246.14'),
(2088, '165.235.246.140'),
(2089, '165.235.246.141'),
(2090, '165.235.246.142'),
(2091, '165.235.246.143'),
(2092, '165.235.246.144'),
(2093, '165.235.246.145'),
(2094, '165.235.246.146'),
(2095, '165.235.246.147'),
(2096, '165.235.246.148'),
(2097, '165.235.246.149'),
(2098, '165.235.246.15'),
(2099, '165.235.246.150'),
(2100, '165.235.246.151'),
(2101, '165.235.246.152'),
(2102, '165.235.246.153'),
(2103, '165.235.246.154'),
(2104, '165.235.246.155'),
(2105, '165.235.246.156'),
(2106, '165.235.246.157'),
(2107, '165.235.246.158'),
(2108, '165.235.246.159'),
(2109, '165.235.246.16'),
(2110, '165.235.246.160'),
(2111, '165.235.246.161'),
(2112, '165.235.246.162'),
(2113, '165.235.246.163'),
(2114, '165.235.246.164'),
(2115, '165.235.246.165'),
(2116, '165.235.246.166'),
(2117, '165.235.246.167'),
(2118, '165.235.246.168'),
(2119, '165.235.246.169'),
(2120, '165.235.246.17'),
(2121, '165.235.246.170'),
(2122, '165.235.246.171'),
(2123, '165.235.246.172'),
(2124, '165.235.246.173'),
(2125, '165.235.246.174'),
(2126, '165.235.246.175'),
(2127, '165.235.246.176'),
(2128, '165.235.246.177'),
(2129, '165.235.246.178'),
(2130, '165.235.246.179'),
(2131, '165.235.246.18'),
(2132, '165.235.246.180'),
(2133, '165.235.246.181'),
(2134, '165.235.246.182'),
(2135, '165.235.246.183'),
(2136, '165.235.246.184'),
(2137, '165.235.246.185'),
(2138, '165.235.246.186'),
(2139, '165.235.246.187');
INSERT INTO `ipaddress` (`id`, `ipaddress`) VALUES
(2140, '165.235.246.188'),
(2141, '165.235.246.189'),
(2142, '165.235.246.19'),
(2143, '165.235.246.190'),
(2144, '165.235.246.191'),
(2145, '165.235.246.192'),
(2146, '165.235.246.193'),
(2147, '165.235.246.194'),
(2148, '165.235.246.195'),
(2149, '165.235.246.196'),
(2150, '165.235.246.197'),
(2151, '165.235.246.198'),
(2152, '165.235.246.199'),
(2153, '165.235.246.2'),
(2154, '165.235.246.20'),
(2155, '165.235.246.200'),
(2156, '165.235.246.201'),
(2157, '165.235.246.202'),
(2158, '165.235.246.203'),
(2159, '165.235.246.204'),
(2160, '165.235.246.205'),
(2161, '165.235.246.206'),
(2162, '165.235.246.207'),
(2163, '165.235.246.208'),
(2164, '165.235.246.209'),
(2165, '165.235.246.21'),
(2166, '165.235.246.210'),
(2167, '165.235.246.211'),
(2168, '165.235.246.212'),
(2169, '165.235.246.213'),
(2170, '165.235.246.214'),
(2171, '165.235.246.215'),
(2172, '165.235.246.216'),
(2173, '165.235.246.217'),
(2174, '165.235.246.218'),
(2175, '165.235.246.219'),
(2176, '165.235.246.22'),
(2177, '165.235.246.220'),
(2178, '165.235.246.221'),
(2179, '165.235.246.222'),
(2180, '165.235.246.223'),
(2181, '165.235.246.224'),
(2182, '165.235.246.225'),
(2183, '165.235.246.226'),
(2184, '165.235.246.227'),
(2185, '165.235.246.228'),
(2186, '165.235.246.229'),
(2187, '165.235.246.23'),
(2188, '165.235.246.230'),
(2189, '165.235.246.231'),
(2190, '165.235.246.232'),
(2191, '165.235.246.233'),
(2192, '165.235.246.234'),
(2193, '165.235.246.235'),
(2194, '165.235.246.236'),
(2195, '165.235.246.237'),
(2196, '165.235.246.238'),
(2197, '165.235.246.239'),
(2198, '165.235.246.24'),
(2199, '165.235.246.240'),
(2200, '165.235.246.241'),
(2201, '165.235.246.242'),
(2202, '165.235.246.243'),
(2203, '165.235.246.244'),
(2204, '165.235.246.245'),
(2205, '165.235.246.246'),
(2206, '165.235.246.247'),
(2207, '165.235.246.248'),
(2208, '165.235.246.249'),
(2209, '165.235.246.25'),
(2210, '165.235.246.250'),
(2211, '165.235.246.251'),
(2212, '165.235.246.252'),
(2213, '165.235.246.253'),
(2214, '165.235.246.254'),
(2215, '165.235.246.26'),
(2216, '165.235.246.27'),
(2217, '165.235.246.28'),
(2218, '165.235.246.29'),
(2219, '165.235.246.3'),
(2220, '165.235.246.30'),
(2221, '165.235.246.31'),
(2222, '165.235.246.32'),
(2223, '165.235.246.33'),
(2224, '165.235.246.34'),
(2225, '165.235.246.35'),
(2226, '165.235.246.36'),
(2227, '165.235.246.37'),
(2228, '165.235.246.38'),
(2229, '165.235.246.39'),
(2230, '165.235.246.4'),
(2231, '165.235.246.40'),
(2232, '165.235.246.41'),
(2233, '165.235.246.42'),
(2234, '165.235.246.43'),
(2235, '165.235.246.44'),
(2236, '165.235.246.45'),
(2237, '165.235.246.46'),
(2238, '165.235.246.47'),
(2239, '165.235.246.48'),
(2240, '165.235.246.49'),
(2241, '165.235.246.5'),
(2242, '165.235.246.50'),
(2243, '165.235.246.51'),
(2244, '165.235.246.52'),
(2245, '165.235.246.53'),
(2246, '165.235.246.54'),
(2247, '165.235.246.55'),
(2248, '165.235.246.56'),
(2249, '165.235.246.57'),
(2250, '165.235.246.58'),
(2251, '165.235.246.59'),
(2252, '165.235.246.6'),
(2253, '165.235.246.60'),
(2254, '165.235.246.61'),
(2255, '165.235.246.62'),
(2256, '165.235.246.63'),
(2257, '165.235.246.64'),
(2258, '165.235.246.65'),
(2259, '165.235.246.66'),
(2260, '165.235.246.67'),
(2261, '165.235.246.68'),
(2262, '165.235.246.69'),
(2263, '165.235.246.7'),
(2264, '165.235.246.70'),
(2265, '165.235.246.71'),
(2266, '165.235.246.72'),
(2267, '165.235.246.73'),
(2268, '165.235.246.74'),
(2269, '165.235.246.75'),
(2270, '165.235.246.76'),
(2271, '165.235.246.77'),
(2272, '165.235.246.78'),
(2273, '165.235.246.79'),
(2274, '165.235.246.8'),
(2275, '165.235.246.80'),
(2276, '165.235.246.81'),
(2277, '165.235.246.82'),
(2278, '165.235.246.83'),
(2279, '165.235.246.84'),
(2280, '165.235.246.85'),
(2281, '165.235.246.86'),
(2282, '165.235.246.87'),
(2283, '165.235.246.88'),
(2284, '165.235.246.89'),
(2285, '165.235.246.9'),
(2286, '165.235.246.90'),
(2287, '165.235.246.91'),
(2288, '165.235.246.92'),
(2289, '165.235.246.93'),
(2290, '165.235.246.94'),
(2291, '165.235.246.95'),
(2292, '165.235.246.96'),
(2293, '165.235.246.97'),
(2294, '165.235.246.98'),
(2295, '165.235.246.99'),
(2296, '165.235.247.0'),
(2297, '165.235.247.1'),
(2298, '165.235.247.10'),
(2299, '165.235.247.100'),
(2300, '165.235.247.101'),
(2301, '165.235.247.102'),
(2302, '165.235.247.103'),
(2303, '165.235.247.104'),
(2304, '165.235.247.105'),
(2305, '165.235.247.106'),
(2306, '165.235.247.107'),
(2307, '165.235.247.108'),
(2308, '165.235.247.109'),
(2309, '165.235.247.11'),
(2310, '165.235.247.110'),
(2311, '165.235.247.111'),
(2312, '165.235.247.112'),
(2313, '165.235.247.113'),
(2314, '165.235.247.114'),
(2315, '165.235.247.115'),
(2316, '165.235.247.116'),
(2317, '165.235.247.117'),
(2318, '165.235.247.118'),
(2319, '165.235.247.119'),
(2320, '165.235.247.12'),
(2321, '165.235.247.120'),
(2322, '165.235.247.121'),
(2323, '165.235.247.122'),
(2324, '165.235.247.123'),
(2325, '165.235.247.124'),
(2326, '165.235.247.125'),
(2327, '165.235.247.126'),
(2328, '165.235.247.127'),
(2329, '165.235.247.128'),
(2330, '165.235.247.129'),
(2331, '165.235.247.13'),
(2332, '165.235.247.130'),
(2333, '165.235.247.131'),
(2334, '165.235.247.132'),
(2335, '165.235.247.133'),
(2336, '165.235.247.134'),
(2337, '165.235.247.135'),
(2338, '165.235.247.136'),
(2339, '165.235.247.137'),
(2340, '165.235.247.138'),
(2341, '165.235.247.139'),
(2342, '165.235.247.14'),
(2343, '165.235.247.140'),
(2344, '165.235.247.141'),
(2345, '165.235.247.142'),
(2346, '165.235.247.143'),
(2347, '165.235.247.144'),
(2348, '165.235.247.145'),
(2349, '165.235.247.146'),
(2350, '165.235.247.147'),
(2351, '165.235.247.148'),
(2352, '165.235.247.149'),
(2353, '165.235.247.15'),
(2354, '165.235.247.150'),
(2355, '165.235.247.151'),
(2356, '165.235.247.152'),
(2357, '165.235.247.153'),
(2358, '165.235.247.154'),
(2359, '165.235.247.155'),
(2360, '165.235.247.156'),
(2361, '165.235.247.157'),
(2362, '165.235.247.158'),
(2363, '165.235.247.159'),
(2364, '165.235.247.16'),
(2365, '165.235.247.160'),
(2366, '165.235.247.161'),
(2367, '165.235.247.162'),
(2368, '165.235.247.163'),
(2369, '165.235.247.164'),
(2370, '165.235.247.165'),
(2371, '165.235.247.166'),
(2372, '165.235.247.167'),
(2373, '165.235.247.168'),
(2374, '165.235.247.169'),
(2375, '165.235.247.17'),
(2376, '165.235.247.170'),
(2377, '165.235.247.171'),
(2378, '165.235.247.172'),
(2379, '165.235.247.173'),
(2380, '165.235.247.174'),
(2381, '165.235.247.175'),
(2382, '165.235.247.176'),
(2383, '165.235.247.177'),
(2384, '165.235.247.178'),
(2385, '165.235.247.179'),
(2386, '165.235.247.18'),
(2387, '165.235.247.180'),
(2388, '165.235.247.181'),
(2389, '165.235.247.182'),
(2390, '165.235.247.183'),
(2391, '165.235.247.184'),
(2392, '165.235.247.185'),
(2393, '165.235.247.186'),
(2394, '165.235.247.187'),
(2395, '165.235.247.188'),
(2396, '165.235.247.189'),
(2397, '165.235.247.19'),
(2398, '165.235.247.190'),
(2399, '165.235.247.191'),
(2400, '165.235.247.192'),
(2401, '165.235.247.193'),
(2402, '165.235.247.194'),
(2403, '165.235.247.195'),
(2404, '165.235.247.196'),
(2405, '165.235.247.197'),
(2406, '165.235.247.198'),
(2407, '165.235.247.199'),
(2408, '165.235.247.2'),
(2409, '165.235.247.20'),
(2410, '165.235.247.200'),
(2411, '165.235.247.201'),
(2412, '165.235.247.202'),
(2413, '165.235.247.203'),
(2414, '165.235.247.204'),
(2415, '165.235.247.205'),
(2416, '165.235.247.206'),
(2417, '165.235.247.207'),
(2418, '165.235.247.208'),
(2419, '165.235.247.209'),
(2420, '165.235.247.21'),
(2421, '165.235.247.210'),
(2422, '165.235.247.211'),
(2423, '165.235.247.212'),
(2424, '165.235.247.213'),
(2425, '165.235.247.214'),
(2426, '165.235.247.215'),
(2427, '165.235.247.216'),
(2428, '165.235.247.217'),
(2429, '165.235.247.218'),
(2430, '165.235.247.219'),
(2431, '165.235.247.22'),
(2432, '165.235.247.220'),
(2433, '165.235.247.221'),
(2434, '165.235.247.222'),
(2435, '165.235.247.223'),
(2436, '165.235.247.224'),
(2437, '165.235.247.225'),
(2438, '165.235.247.226'),
(2439, '165.235.247.227'),
(2440, '165.235.247.228'),
(2441, '165.235.247.229'),
(2442, '165.235.247.23'),
(2443, '165.235.247.230'),
(2444, '165.235.247.231'),
(2445, '165.235.247.232'),
(2446, '165.235.247.233'),
(2447, '165.235.247.234'),
(2448, '165.235.247.235'),
(2449, '165.235.247.236'),
(2450, '165.235.247.237'),
(2451, '165.235.247.238'),
(2452, '165.235.247.239'),
(2453, '165.235.247.24'),
(2454, '165.235.247.240'),
(2455, '165.235.247.241'),
(2456, '165.235.247.242'),
(2457, '165.235.247.243'),
(2458, '165.235.247.244'),
(2459, '165.235.247.245'),
(2460, '165.235.247.246'),
(2461, '165.235.247.247'),
(2462, '165.235.247.248'),
(2463, '165.235.247.249'),
(2464, '165.235.247.25'),
(2465, '165.235.247.250'),
(2466, '165.235.247.251'),
(2467, '165.235.247.252'),
(2468, '165.235.247.253'),
(2469, '165.235.247.254'),
(2470, '165.235.247.26'),
(2471, '165.235.247.27'),
(2472, '165.235.247.28'),
(2473, '165.235.247.29'),
(2474, '165.235.247.3'),
(2475, '165.235.247.30'),
(2476, '165.235.247.31'),
(2477, '165.235.247.32'),
(2478, '165.235.247.33'),
(2479, '165.235.247.34'),
(2480, '165.235.247.35'),
(2481, '165.235.247.36'),
(2482, '165.235.247.37'),
(2483, '165.235.247.38'),
(2484, '165.235.247.39'),
(2485, '165.235.247.4'),
(2486, '165.235.247.40'),
(2487, '165.235.247.41'),
(2488, '165.235.247.42'),
(2489, '165.235.247.43'),
(2490, '165.235.247.44'),
(2491, '165.235.247.45'),
(2492, '165.235.247.46'),
(2493, '165.235.247.47'),
(2494, '165.235.247.48'),
(2495, '165.235.247.49'),
(2496, '165.235.247.5'),
(2497, '165.235.247.50'),
(2498, '165.235.247.51'),
(2499, '165.235.247.52'),
(2500, '165.235.247.53'),
(2501, '165.235.247.54'),
(2502, '165.235.247.55'),
(2503, '165.235.247.56'),
(2504, '165.235.247.57'),
(2505, '165.235.247.58'),
(2506, '165.235.247.59'),
(2507, '165.235.247.6'),
(2508, '165.235.247.60'),
(2509, '165.235.247.61'),
(2510, '165.235.247.62'),
(2511, '165.235.247.63'),
(2512, '165.235.247.64'),
(2513, '165.235.247.65'),
(2514, '165.235.247.66'),
(2515, '165.235.247.67'),
(2516, '165.235.247.68'),
(2517, '165.235.247.69'),
(2518, '165.235.247.7'),
(2519, '165.235.247.70'),
(2520, '165.235.247.71'),
(2521, '165.235.247.72'),
(2522, '165.235.247.73'),
(2523, '165.235.247.74'),
(2524, '165.235.247.75'),
(2525, '165.235.247.76'),
(2526, '165.235.247.77'),
(2527, '165.235.247.78'),
(2528, '165.235.247.79'),
(2529, '165.235.247.8'),
(2530, '165.235.247.80'),
(2531, '165.235.247.81'),
(2532, '165.235.247.82'),
(2533, '165.235.247.83'),
(2534, '165.235.247.84'),
(2535, '165.235.247.85'),
(2536, '165.235.247.86'),
(2537, '165.235.247.87'),
(2538, '165.235.247.88'),
(2539, '165.235.247.89'),
(2540, '165.235.247.9'),
(2541, '165.235.247.90'),
(2542, '165.235.247.91'),
(2543, '165.235.247.92'),
(2544, '165.235.247.93'),
(2545, '165.235.247.94'),
(2546, '165.235.247.95'),
(2547, '165.235.247.96'),
(2548, '165.235.247.97'),
(2549, '165.235.247.98'),
(2550, '165.235.247.99'),
(2551, '165.235.3.0'),
(2552, '165.235.3.1'),
(2553, '165.235.3.10'),
(2554, '165.235.3.100'),
(2555, '165.235.3.101'),
(2556, '165.235.3.102'),
(2557, '165.235.3.103'),
(2558, '165.235.3.104'),
(2559, '165.235.3.105'),
(2560, '165.235.3.106'),
(2561, '165.235.3.107'),
(2562, '165.235.3.108'),
(2563, '165.235.3.109'),
(2564, '165.235.3.11'),
(2565, '165.235.3.110'),
(2566, '165.235.3.111'),
(2567, '165.235.3.112'),
(2568, '165.235.3.113'),
(2569, '165.235.3.114'),
(2570, '165.235.3.115'),
(2571, '165.235.3.116'),
(2572, '165.235.3.117'),
(2573, '165.235.3.118'),
(2574, '165.235.3.119'),
(2575, '165.235.3.12'),
(2576, '165.235.3.120'),
(2577, '165.235.3.121'),
(2578, '165.235.3.122'),
(2579, '165.235.3.123'),
(2580, '165.235.3.124'),
(2581, '165.235.3.125'),
(2582, '165.235.3.126'),
(2583, '165.235.3.127'),
(2584, '165.235.3.128'),
(2585, '165.235.3.129'),
(2586, '165.235.3.13'),
(2587, '165.235.3.130'),
(2588, '165.235.3.131'),
(2589, '165.235.3.132'),
(2590, '165.235.3.133'),
(2591, '165.235.3.134'),
(2592, '165.235.3.135'),
(2593, '165.235.3.136'),
(2594, '165.235.3.137'),
(2595, '165.235.3.138'),
(2596, '165.235.3.139'),
(2597, '165.235.3.14'),
(2598, '165.235.3.140'),
(2599, '165.235.3.141'),
(2600, '165.235.3.142'),
(2601, '165.235.3.143'),
(2602, '165.235.3.144'),
(2603, '165.235.3.145'),
(2604, '165.235.3.146'),
(2605, '165.235.3.147'),
(2606, '165.235.3.148'),
(2607, '165.235.3.149'),
(2608, '165.235.3.15'),
(2609, '165.235.3.150'),
(2610, '165.235.3.151'),
(2611, '165.235.3.152'),
(2612, '165.235.3.153'),
(2613, '165.235.3.154'),
(2614, '165.235.3.155'),
(2615, '165.235.3.156'),
(2616, '165.235.3.157'),
(2617, '165.235.3.158'),
(2618, '165.235.3.159'),
(2619, '165.235.3.16'),
(2620, '165.235.3.160'),
(2621, '165.235.3.161'),
(2622, '165.235.3.162'),
(2623, '165.235.3.163'),
(2624, '165.235.3.164'),
(2625, '165.235.3.165'),
(2626, '165.235.3.166'),
(2627, '165.235.3.167'),
(2628, '165.235.3.168'),
(2629, '165.235.3.169'),
(2630, '165.235.3.17'),
(2631, '165.235.3.170'),
(2632, '165.235.3.171'),
(2633, '165.235.3.172'),
(2634, '165.235.3.173'),
(2635, '165.235.3.174'),
(2636, '165.235.3.175'),
(2637, '165.235.3.176'),
(2638, '165.235.3.177'),
(2639, '165.235.3.178'),
(2640, '165.235.3.179'),
(2641, '165.235.3.18'),
(2642, '165.235.3.180'),
(2643, '165.235.3.181'),
(2644, '165.235.3.182'),
(2645, '165.235.3.183'),
(2646, '165.235.3.184'),
(2647, '165.235.3.185'),
(2648, '165.235.3.186'),
(2649, '165.235.3.187'),
(2650, '165.235.3.188'),
(2651, '165.235.3.189'),
(2652, '165.235.3.19'),
(2653, '165.235.3.190'),
(2654, '165.235.3.191'),
(2655, '165.235.3.192'),
(2656, '165.235.3.193'),
(2657, '165.235.3.194'),
(2658, '165.235.3.195'),
(2659, '165.235.3.196'),
(2660, '165.235.3.197'),
(2661, '165.235.3.198'),
(2662, '165.235.3.199'),
(2663, '165.235.3.2'),
(2664, '165.235.3.20'),
(2665, '165.235.3.200'),
(2666, '165.235.3.201'),
(2667, '165.235.3.202'),
(2668, '165.235.3.203'),
(2669, '165.235.3.204'),
(2670, '165.235.3.205'),
(2671, '165.235.3.206'),
(2672, '165.235.3.207'),
(2673, '165.235.3.208'),
(2674, '165.235.3.209'),
(2675, '165.235.3.21'),
(2676, '165.235.3.210'),
(2677, '165.235.3.211'),
(2678, '165.235.3.212'),
(2679, '165.235.3.213'),
(2680, '165.235.3.214'),
(2681, '165.235.3.215'),
(2682, '165.235.3.216'),
(2683, '165.235.3.217'),
(2684, '165.235.3.218'),
(2685, '165.235.3.219'),
(2686, '165.235.3.22'),
(2687, '165.235.3.220'),
(2688, '165.235.3.221'),
(2689, '165.235.3.222'),
(2690, '165.235.3.223'),
(2691, '165.235.3.224'),
(2692, '165.235.3.225'),
(2693, '165.235.3.226'),
(2694, '165.235.3.227'),
(2695, '165.235.3.228'),
(2696, '165.235.3.229'),
(2697, '165.235.3.23'),
(2698, '165.235.3.230'),
(2699, '165.235.3.231'),
(2700, '165.235.3.232'),
(2701, '165.235.3.233'),
(2702, '165.235.3.234'),
(2703, '165.235.3.235'),
(2704, '165.235.3.236'),
(2705, '165.235.3.237'),
(2706, '165.235.3.238'),
(2707, '165.235.3.239'),
(2708, '165.235.3.24'),
(2709, '165.235.3.240'),
(2710, '165.235.3.241'),
(2711, '165.235.3.242'),
(2712, '165.235.3.243'),
(2713, '165.235.3.244'),
(2714, '165.235.3.245'),
(2715, '165.235.3.246'),
(2716, '165.235.3.247'),
(2717, '165.235.3.248'),
(2718, '165.235.3.249'),
(2719, '165.235.3.25'),
(2720, '165.235.3.250'),
(2721, '165.235.3.251'),
(2722, '165.235.3.252'),
(2723, '165.235.3.253'),
(2724, '165.235.3.254'),
(2725, '165.235.3.26'),
(2726, '165.235.3.27'),
(2727, '165.235.3.28'),
(2728, '165.235.3.29'),
(2729, '165.235.3.3'),
(2730, '165.235.3.30'),
(2731, '165.235.3.31'),
(2732, '165.235.3.32'),
(2733, '165.235.3.33'),
(2734, '165.235.3.34'),
(2735, '165.235.3.35'),
(2736, '165.235.3.36'),
(2737, '165.235.3.37'),
(2738, '165.235.3.38'),
(2739, '165.235.3.39'),
(2740, '165.235.3.4'),
(2741, '165.235.3.40'),
(2742, '165.235.3.41'),
(2743, '165.235.3.42'),
(2744, '165.235.3.43'),
(2745, '165.235.3.44'),
(2746, '165.235.3.45'),
(2747, '165.235.3.46'),
(2748, '165.235.3.47'),
(2749, '165.235.3.48'),
(2750, '165.235.3.49'),
(2751, '165.235.3.5'),
(2752, '165.235.3.50'),
(2753, '165.235.3.51'),
(2754, '165.235.3.52'),
(2755, '165.235.3.53'),
(2756, '165.235.3.54'),
(2757, '165.235.3.55'),
(2758, '165.235.3.56'),
(2759, '165.235.3.57'),
(2760, '165.235.3.58'),
(2761, '165.235.3.59'),
(2762, '165.235.3.6'),
(2763, '165.235.3.60'),
(2764, '165.235.3.61'),
(2765, '165.235.3.62'),
(2766, '165.235.3.63'),
(2767, '165.235.3.64'),
(2768, '165.235.3.65'),
(2769, '165.235.3.66'),
(2770, '165.235.3.67'),
(2771, '165.235.3.68'),
(2772, '165.235.3.69'),
(2773, '165.235.3.7'),
(2774, '165.235.3.70'),
(2775, '165.235.3.71'),
(2776, '165.235.3.72'),
(2777, '165.235.3.73'),
(2778, '165.235.3.74'),
(2779, '165.235.3.75'),
(2780, '165.235.3.76'),
(2781, '165.235.3.77'),
(2782, '165.235.3.78'),
(2783, '165.235.3.79'),
(2784, '165.235.3.8'),
(2785, '165.235.3.80'),
(2786, '165.235.3.81'),
(2787, '165.235.3.82'),
(2788, '165.235.3.83'),
(2789, '165.235.3.84'),
(2790, '165.235.3.85'),
(2791, '165.235.3.86'),
(2792, '165.235.3.87'),
(2793, '165.235.3.88'),
(2794, '165.235.3.89'),
(2795, '165.235.3.9'),
(2796, '165.235.3.90'),
(2797, '165.235.3.91'),
(2798, '165.235.3.92'),
(2799, '165.235.3.93'),
(2800, '165.235.3.94'),
(2801, '165.235.3.95'),
(2802, '165.235.3.96'),
(2803, '165.235.3.97'),
(2804, '165.235.3.98'),
(2805, '165.235.3.99'),
(2806, '165.235.5.128'),
(2807, '165.235.5.129'),
(2808, '165.235.5.130'),
(2809, '165.235.5.131'),
(2810, '165.235.5.132'),
(2811, '165.235.5.133'),
(2812, '165.235.5.134'),
(2813, '165.235.5.135'),
(2814, '165.235.5.136'),
(2815, '165.235.5.137'),
(2816, '165.235.5.138'),
(2817, '165.235.5.139'),
(2818, '165.235.5.140'),
(2819, '165.235.5.141'),
(2820, '165.235.5.142'),
(2821, '165.235.5.143'),
(2822, '165.235.5.144'),
(2823, '165.235.5.145'),
(2824, '165.235.5.146'),
(2825, '165.235.5.147'),
(2826, '165.235.5.148'),
(2827, '165.235.5.149'),
(2828, '165.235.5.150'),
(2829, '165.235.5.151'),
(2830, '165.235.5.152'),
(2831, '165.235.5.153'),
(2832, '165.235.5.154'),
(2833, '165.235.5.155'),
(2834, '165.235.5.156'),
(2835, '165.235.5.157'),
(2836, '165.235.5.158'),
(2837, '165.235.5.159'),
(2838, '165.235.5.160'),
(2839, '165.235.5.161'),
(2840, '165.235.5.162'),
(2841, '165.235.5.163'),
(2842, '165.235.5.164'),
(2843, '165.235.5.165'),
(2844, '165.235.5.166'),
(2845, '165.235.5.167'),
(2846, '165.235.5.168'),
(2847, '165.235.5.169'),
(2848, '165.235.5.170'),
(2849, '165.235.5.171'),
(2850, '165.235.5.172'),
(2851, '165.235.5.173'),
(2852, '165.235.5.174'),
(2853, '165.235.5.175'),
(2854, '165.235.5.176'),
(2855, '165.235.5.177'),
(2856, '165.235.5.178'),
(2857, '165.235.5.179'),
(2858, '165.235.5.180'),
(2859, '165.235.5.181'),
(2860, '165.235.5.182'),
(2861, '165.235.5.183'),
(2862, '165.235.5.184'),
(2863, '165.235.5.185'),
(2864, '165.235.5.186'),
(2865, '165.235.5.187'),
(2866, '165.235.5.188'),
(2867, '165.235.5.189'),
(2868, '165.235.5.190'),
(2869, '165.235.5.191'),
(2870, '165.235.5.192'),
(2871, '165.235.5.193'),
(2872, '165.235.5.194'),
(2873, '165.235.5.195'),
(2874, '165.235.5.196'),
(2875, '165.235.5.197'),
(2876, '165.235.5.198'),
(2877, '165.235.5.199'),
(2878, '165.235.5.200'),
(2879, '165.235.5.201'),
(2880, '165.235.5.202'),
(2881, '165.235.5.203'),
(2882, '165.235.5.204'),
(2883, '165.235.5.205'),
(2884, '165.235.5.206'),
(2885, '165.235.5.207'),
(2886, '165.235.5.208'),
(2887, '165.235.5.209'),
(2888, '165.235.5.210'),
(2889, '165.235.5.211'),
(2890, '165.235.5.212'),
(2891, '165.235.5.213'),
(2892, '165.235.5.214'),
(2893, '165.235.5.215'),
(2894, '165.235.5.216'),
(2895, '165.235.5.217'),
(2896, '165.235.5.218'),
(2897, '165.235.5.219'),
(2898, '165.235.5.220'),
(2899, '165.235.5.221'),
(2900, '165.235.5.222'),
(2901, '165.235.5.223'),
(2902, '165.235.5.224'),
(2903, '165.235.5.225'),
(2904, '165.235.5.226'),
(2905, '165.235.5.227'),
(2906, '165.235.5.228'),
(2907, '165.235.5.229'),
(2908, '165.235.5.230'),
(2909, '165.235.5.231'),
(2910, '165.235.5.232'),
(2911, '165.235.5.233'),
(2912, '165.235.5.234'),
(2913, '165.235.5.235'),
(2914, '165.235.5.236'),
(2915, '165.235.5.237'),
(2916, '165.235.5.238'),
(2917, '165.235.5.239'),
(2918, '165.235.5.240'),
(2919, '165.235.5.241'),
(2920, '165.235.5.242'),
(2921, '165.235.5.243'),
(2922, '165.235.5.244'),
(2923, '165.235.5.245'),
(2924, '165.235.5.246'),
(2925, '165.235.5.247'),
(2926, '165.235.5.248'),
(2927, '165.235.5.249'),
(2928, '165.235.5.250'),
(2929, '165.235.5.251'),
(2930, '165.235.5.252'),
(2931, '165.235.5.253'),
(2932, '165.235.5.254'),
(2933, '165.235.54.0'),
(2934, '165.235.54.1'),
(2935, '165.235.54.10'),
(2936, '165.235.54.100'),
(2937, '165.235.54.101'),
(2938, '165.235.54.102'),
(2939, '165.235.54.103'),
(2940, '165.235.54.104'),
(2941, '165.235.54.105'),
(2942, '165.235.54.106'),
(2943, '165.235.54.107'),
(2944, '165.235.54.108'),
(2945, '165.235.54.109'),
(2946, '165.235.54.11'),
(2947, '165.235.54.110'),
(2948, '165.235.54.111'),
(2949, '165.235.54.112'),
(2950, '165.235.54.113'),
(2951, '165.235.54.114'),
(2952, '165.235.54.115'),
(2953, '165.235.54.116'),
(2954, '165.235.54.117'),
(2955, '165.235.54.118'),
(2956, '165.235.54.119'),
(2957, '165.235.54.12'),
(2958, '165.235.54.120'),
(2959, '165.235.54.121'),
(2960, '165.235.54.122'),
(2961, '165.235.54.123'),
(2962, '165.235.54.124'),
(2963, '165.235.54.125'),
(2964, '165.235.54.126'),
(2965, '165.235.54.127'),
(2966, '165.235.54.128'),
(2967, '165.235.54.129'),
(2968, '165.235.54.13'),
(2969, '165.235.54.130'),
(2970, '165.235.54.131'),
(2971, '165.235.54.132'),
(2972, '165.235.54.133'),
(2973, '165.235.54.134'),
(2974, '165.235.54.135'),
(2975, '165.235.54.136'),
(2976, '165.235.54.137'),
(2977, '165.235.54.138'),
(2978, '165.235.54.139'),
(2979, '165.235.54.14'),
(2980, '165.235.54.140'),
(2981, '165.235.54.141'),
(2982, '165.235.54.142'),
(2983, '165.235.54.143'),
(2984, '165.235.54.144'),
(2985, '165.235.54.145'),
(2986, '165.235.54.146'),
(2987, '165.235.54.147'),
(2988, '165.235.54.148'),
(2989, '165.235.54.149'),
(2990, '165.235.54.15'),
(2991, '165.235.54.150'),
(2992, '165.235.54.151'),
(2993, '165.235.54.152'),
(2994, '165.235.54.153'),
(2995, '165.235.54.154'),
(2996, '165.235.54.155'),
(2997, '165.235.54.156'),
(2998, '165.235.54.157'),
(2999, '165.235.54.158'),
(3000, '165.235.54.159'),
(3001, '165.235.54.16'),
(3002, '165.235.54.160'),
(3003, '165.235.54.161'),
(3004, '165.235.54.162'),
(3005, '165.235.54.163'),
(3006, '165.235.54.164'),
(3007, '165.235.54.165'),
(3008, '165.235.54.166'),
(3009, '165.235.54.167'),
(3010, '165.235.54.168'),
(3011, '165.235.54.169'),
(3012, '165.235.54.17'),
(3013, '165.235.54.170'),
(3014, '165.235.54.171'),
(3015, '165.235.54.172'),
(3016, '165.235.54.173'),
(3017, '165.235.54.174'),
(3018, '165.235.54.175'),
(3019, '165.235.54.176'),
(3020, '165.235.54.177'),
(3021, '165.235.54.178'),
(3022, '165.235.54.179'),
(3023, '165.235.54.18'),
(3024, '165.235.54.180'),
(3025, '165.235.54.181'),
(3026, '165.235.54.182'),
(3027, '165.235.54.183'),
(3028, '165.235.54.184'),
(3029, '165.235.54.185'),
(3030, '165.235.54.186'),
(3031, '165.235.54.187'),
(3032, '165.235.54.188'),
(3033, '165.235.54.189'),
(3034, '165.235.54.19'),
(3035, '165.235.54.190'),
(3036, '165.235.54.191'),
(3037, '165.235.54.192'),
(3038, '165.235.54.193'),
(3039, '165.235.54.194'),
(3040, '165.235.54.195'),
(3041, '165.235.54.196'),
(3042, '165.235.54.197'),
(3043, '165.235.54.198'),
(3044, '165.235.54.199'),
(3045, '165.235.54.2'),
(3046, '165.235.54.20'),
(3047, '165.235.54.200'),
(3048, '165.235.54.201'),
(3049, '165.235.54.202'),
(3050, '165.235.54.203'),
(3051, '165.235.54.204'),
(3052, '165.235.54.205'),
(3053, '165.235.54.206'),
(3054, '165.235.54.207'),
(3055, '165.235.54.208'),
(3056, '165.235.54.209'),
(3057, '165.235.54.21'),
(3058, '165.235.54.210'),
(3059, '165.235.54.211'),
(3060, '165.235.54.212'),
(3061, '165.235.54.213'),
(3062, '165.235.54.214'),
(3063, '165.235.54.215'),
(3064, '165.235.54.216'),
(3065, '165.235.54.217'),
(3066, '165.235.54.218'),
(3067, '165.235.54.219'),
(3068, '165.235.54.22'),
(3069, '165.235.54.220'),
(3070, '165.235.54.221'),
(3071, '165.235.54.222'),
(3072, '165.235.54.223'),
(3073, '165.235.54.224'),
(3074, '165.235.54.225'),
(3075, '165.235.54.226'),
(3076, '165.235.54.227'),
(3077, '165.235.54.228'),
(3078, '165.235.54.229'),
(3079, '165.235.54.23'),
(3080, '165.235.54.230'),
(3081, '165.235.54.231'),
(3082, '165.235.54.232'),
(3083, '165.235.54.233'),
(3084, '165.235.54.234'),
(3085, '165.235.54.235'),
(3086, '165.235.54.236'),
(3087, '165.235.54.237'),
(3088, '165.235.54.238'),
(3089, '165.235.54.239'),
(3090, '165.235.54.24'),
(3091, '165.235.54.240'),
(3092, '165.235.54.241'),
(3093, '165.235.54.242'),
(3094, '165.235.54.243'),
(3095, '165.235.54.244'),
(3096, '165.235.54.245'),
(3097, '165.235.54.246'),
(3098, '165.235.54.247'),
(3099, '165.235.54.248'),
(3100, '165.235.54.249'),
(3101, '165.235.54.25'),
(3102, '165.235.54.250'),
(3103, '165.235.54.251'),
(3104, '165.235.54.252'),
(3105, '165.235.54.253'),
(3106, '165.235.54.254'),
(3107, '165.235.54.26'),
(3108, '165.235.54.27'),
(3109, '165.235.54.28'),
(3110, '165.235.54.29'),
(3111, '165.235.54.3'),
(3112, '165.235.54.30'),
(3113, '165.235.54.31'),
(3114, '165.235.54.32'),
(3115, '165.235.54.33'),
(3116, '165.235.54.34'),
(3117, '165.235.54.35'),
(3118, '165.235.54.36'),
(3119, '165.235.54.37'),
(3120, '165.235.54.38'),
(3121, '165.235.54.39'),
(3122, '165.235.54.4'),
(3123, '165.235.54.40'),
(3124, '165.235.54.41'),
(3125, '165.235.54.42'),
(3126, '165.235.54.43'),
(3127, '165.235.54.44'),
(3128, '165.235.54.45'),
(3129, '165.235.54.46'),
(3130, '165.235.54.47'),
(3131, '165.235.54.48'),
(3132, '165.235.54.49'),
(3133, '165.235.54.5'),
(3134, '165.235.54.50'),
(3135, '165.235.54.51'),
(3136, '165.235.54.52'),
(3137, '165.235.54.53'),
(3138, '165.235.54.54'),
(3139, '165.235.54.55'),
(3140, '165.235.54.56'),
(3141, '165.235.54.57'),
(3142, '165.235.54.58'),
(3143, '165.235.54.59'),
(3144, '165.235.54.6'),
(3145, '165.235.54.60'),
(3146, '165.235.54.61'),
(3147, '165.235.54.62'),
(3148, '165.235.54.63'),
(3149, '165.235.54.64'),
(3150, '165.235.54.65'),
(3151, '165.235.54.66'),
(3152, '165.235.54.67'),
(3153, '165.235.54.68'),
(3154, '165.235.54.69'),
(3155, '165.235.54.7'),
(3156, '165.235.54.70'),
(3157, '165.235.54.71'),
(3158, '165.235.54.72'),
(3159, '165.235.54.73'),
(3160, '165.235.54.74'),
(3161, '165.235.54.75'),
(3162, '165.235.54.76'),
(3163, '165.235.54.77'),
(3164, '165.235.54.78'),
(3165, '165.235.54.79'),
(3166, '165.235.54.8'),
(3167, '165.235.54.80'),
(3168, '165.235.54.81'),
(3169, '165.235.54.82'),
(3170, '165.235.54.83'),
(3171, '165.235.54.84'),
(3172, '165.235.54.85'),
(3173, '165.235.54.86'),
(3174, '165.235.54.87'),
(3175, '165.235.54.88'),
(3176, '165.235.54.89'),
(3177, '165.235.54.9'),
(3178, '165.235.54.90'),
(3179, '165.235.54.91'),
(3180, '165.235.54.92'),
(3181, '165.235.54.93'),
(3182, '165.235.54.94'),
(3183, '165.235.54.95'),
(3184, '165.235.54.96'),
(3185, '165.235.54.97'),
(3186, '165.235.54.98'),
(3187, '165.235.54.99'),
(3188, '165.235.6.0'),
(3189, '165.235.6.1'),
(3190, '165.235.6.10'),
(3191, '165.235.6.100'),
(3192, '165.235.6.101'),
(3193, '165.235.6.102'),
(3194, '165.235.6.103'),
(3195, '165.235.6.104'),
(3196, '165.235.6.105'),
(3197, '165.235.6.106'),
(3198, '165.235.6.107'),
(3199, '165.235.6.108'),
(3200, '165.235.6.109'),
(3201, '165.235.6.11'),
(3202, '165.235.6.110'),
(3203, '165.235.6.111'),
(3204, '165.235.6.112'),
(3205, '165.235.6.113'),
(3206, '165.235.6.114'),
(3207, '165.235.6.115'),
(3208, '165.235.6.116'),
(3209, '165.235.6.117'),
(3210, '165.235.6.118'),
(3211, '165.235.6.119'),
(3212, '165.235.6.12'),
(3213, '165.235.6.120'),
(3214, '165.235.6.121'),
(3215, '165.235.6.122'),
(3216, '165.235.6.123'),
(3217, '165.235.6.124'),
(3218, '165.235.6.125'),
(3219, '165.235.6.126'),
(3220, '165.235.6.127'),
(3221, '165.235.6.128'),
(3222, '165.235.6.129'),
(3223, '165.235.6.13'),
(3224, '165.235.6.130'),
(3225, '165.235.6.131'),
(3226, '165.235.6.132'),
(3227, '165.235.6.133'),
(3228, '165.235.6.134'),
(3229, '165.235.6.135'),
(3230, '165.235.6.136'),
(3231, '165.235.6.137'),
(3232, '165.235.6.138'),
(3233, '165.235.6.139'),
(3234, '165.235.6.14'),
(3235, '165.235.6.140'),
(3236, '165.235.6.141'),
(3237, '165.235.6.142'),
(3238, '165.235.6.143'),
(3239, '165.235.6.144'),
(3240, '165.235.6.145'),
(3241, '165.235.6.146'),
(3242, '165.235.6.147'),
(3243, '165.235.6.148'),
(3244, '165.235.6.149'),
(3245, '165.235.6.15'),
(3246, '165.235.6.150'),
(3247, '165.235.6.151'),
(3248, '165.235.6.152'),
(3249, '165.235.6.153'),
(3250, '165.235.6.154'),
(3251, '165.235.6.155'),
(3252, '165.235.6.156'),
(3253, '165.235.6.157'),
(3254, '165.235.6.158'),
(3255, '165.235.6.159'),
(3256, '165.235.6.16'),
(3257, '165.235.6.160'),
(3258, '165.235.6.161'),
(3259, '165.235.6.162'),
(3260, '165.235.6.163'),
(3261, '165.235.6.164'),
(3262, '165.235.6.165'),
(3263, '165.235.6.166'),
(3264, '165.235.6.167'),
(3265, '165.235.6.168'),
(3266, '165.235.6.169'),
(3267, '165.235.6.17'),
(3268, '165.235.6.170'),
(3269, '165.235.6.171'),
(3270, '165.235.6.172'),
(3271, '165.235.6.173'),
(3272, '165.235.6.174'),
(3273, '165.235.6.175'),
(3274, '165.235.6.176'),
(3275, '165.235.6.177'),
(3276, '165.235.6.178'),
(3277, '165.235.6.179'),
(3278, '165.235.6.18'),
(3279, '165.235.6.180'),
(3280, '165.235.6.181'),
(3281, '165.235.6.182'),
(3282, '165.235.6.183'),
(3283, '165.235.6.184'),
(3284, '165.235.6.185'),
(3285, '165.235.6.186'),
(3286, '165.235.6.187'),
(3287, '165.235.6.188'),
(3288, '165.235.6.189'),
(3289, '165.235.6.19'),
(3290, '165.235.6.190'),
(3291, '165.235.6.191'),
(3292, '165.235.6.192'),
(3293, '165.235.6.193'),
(3294, '165.235.6.194'),
(3295, '165.235.6.195'),
(3296, '165.235.6.196'),
(3297, '165.235.6.197'),
(3298, '165.235.6.198'),
(3299, '165.235.6.199'),
(3300, '165.235.6.2'),
(3301, '165.235.6.20'),
(3302, '165.235.6.200'),
(3303, '165.235.6.201'),
(3304, '165.235.6.202'),
(3305, '165.235.6.203'),
(3306, '165.235.6.204'),
(3307, '165.235.6.205'),
(3308, '165.235.6.206'),
(3309, '165.235.6.207'),
(3310, '165.235.6.208'),
(3311, '165.235.6.209'),
(3312, '165.235.6.21'),
(3313, '165.235.6.210'),
(3314, '165.235.6.211'),
(3315, '165.235.6.212'),
(3316, '165.235.6.213'),
(3317, '165.235.6.214'),
(3318, '165.235.6.215'),
(3319, '165.235.6.216'),
(3320, '165.235.6.217'),
(3321, '165.235.6.218'),
(3322, '165.235.6.219'),
(3323, '165.235.6.22'),
(3324, '165.235.6.220'),
(3325, '165.235.6.221'),
(3326, '165.235.6.222'),
(3327, '165.235.6.223'),
(3328, '165.235.6.224'),
(3329, '165.235.6.225'),
(3330, '165.235.6.226'),
(3331, '165.235.6.227'),
(3332, '165.235.6.228'),
(3333, '165.235.6.229'),
(3334, '165.235.6.23'),
(3335, '165.235.6.230'),
(3336, '165.235.6.231'),
(3337, '165.235.6.232'),
(3338, '165.235.6.233'),
(3339, '165.235.6.234'),
(3340, '165.235.6.235'),
(3341, '165.235.6.236'),
(3342, '165.235.6.237'),
(3343, '165.235.6.238'),
(3344, '165.235.6.239'),
(3345, '165.235.6.24'),
(3346, '165.235.6.240'),
(3347, '165.235.6.241'),
(3348, '165.235.6.242'),
(3349, '165.235.6.243'),
(3350, '165.235.6.244'),
(3351, '165.235.6.245'),
(3352, '165.235.6.246'),
(3353, '165.235.6.247'),
(3354, '165.235.6.248'),
(3355, '165.235.6.249'),
(3356, '165.235.6.25'),
(3357, '165.235.6.250'),
(3358, '165.235.6.251'),
(3359, '165.235.6.252'),
(3360, '165.235.6.253'),
(3361, '165.235.6.254'),
(3362, '165.235.6.26'),
(3363, '165.235.6.27'),
(3364, '165.235.6.28'),
(3365, '165.235.6.29'),
(3366, '165.235.6.3'),
(3367, '165.235.6.30'),
(3368, '165.235.6.31'),
(3369, '165.235.6.32'),
(3370, '165.235.6.33'),
(3371, '165.235.6.34'),
(3372, '165.235.6.35'),
(3373, '165.235.6.36'),
(3374, '165.235.6.37'),
(3375, '165.235.6.38'),
(3376, '165.235.6.39'),
(3377, '165.235.6.4'),
(3378, '165.235.6.40'),
(3379, '165.235.6.41'),
(3380, '165.235.6.42'),
(3381, '165.235.6.43'),
(3382, '165.235.6.44'),
(3383, '165.235.6.45'),
(3384, '165.235.6.46'),
(3385, '165.235.6.47'),
(3386, '165.235.6.48'),
(3387, '165.235.6.49'),
(3388, '165.235.6.5'),
(3389, '165.235.6.50'),
(3390, '165.235.6.51'),
(3391, '165.235.6.52'),
(3392, '165.235.6.53'),
(3393, '165.235.6.54'),
(3394, '165.235.6.55'),
(3395, '165.235.6.56'),
(3396, '165.235.6.57'),
(3397, '165.235.6.58'),
(3398, '165.235.6.59'),
(3399, '165.235.6.6'),
(3400, '165.235.6.60'),
(3401, '165.235.6.61'),
(3402, '165.235.6.62'),
(3403, '165.235.6.63'),
(3404, '165.235.6.64'),
(3405, '165.235.6.65'),
(3406, '165.235.6.66'),
(3407, '165.235.6.67'),
(3408, '165.235.6.68'),
(3409, '165.235.6.69'),
(3410, '165.235.6.7'),
(3411, '165.235.6.70'),
(3412, '165.235.6.71'),
(3413, '165.235.6.72'),
(3414, '165.235.6.73'),
(3415, '165.235.6.74'),
(3416, '165.235.6.75'),
(3417, '165.235.6.76'),
(3418, '165.235.6.77'),
(3419, '165.235.6.78'),
(3420, '165.235.6.79'),
(3421, '165.235.6.8'),
(3422, '165.235.6.80'),
(3423, '165.235.6.81'),
(3424, '165.235.6.82'),
(3425, '165.235.6.83'),
(3426, '165.235.6.84'),
(3427, '165.235.6.85'),
(3428, '165.235.6.86'),
(3429, '165.235.6.87'),
(3430, '165.235.6.88'),
(3431, '165.235.6.89'),
(3432, '165.235.6.9'),
(3433, '165.235.6.90'),
(3434, '165.235.6.91'),
(3435, '165.235.6.92'),
(3436, '165.235.6.93'),
(3437, '165.235.6.94'),
(3438, '165.235.6.95'),
(3439, '165.235.6.96'),
(3440, '165.235.6.97'),
(3441, '165.235.6.98'),
(3442, '165.235.6.99'),
(3443, '165.235.72.0'),
(3444, '165.235.72.1'),
(3445, '165.235.72.10'),
(3446, '165.235.72.100'),
(3447, '165.235.72.101'),
(3448, '165.235.72.102'),
(3449, '165.235.72.103'),
(3450, '165.235.72.104'),
(3451, '165.235.72.105'),
(3452, '165.235.72.106'),
(3453, '165.235.72.107'),
(3454, '165.235.72.108'),
(3455, '165.235.72.109'),
(3456, '165.235.72.11'),
(3457, '165.235.72.110'),
(3458, '165.235.72.111'),
(3459, '165.235.72.112'),
(3460, '165.235.72.113'),
(3461, '165.235.72.114'),
(3462, '165.235.72.115'),
(3463, '165.235.72.116'),
(3464, '165.235.72.117'),
(3465, '165.235.72.118'),
(3466, '165.235.72.119'),
(3467, '165.235.72.12'),
(3468, '165.235.72.120'),
(3469, '165.235.72.121'),
(3470, '165.235.72.122'),
(3471, '165.235.72.123'),
(3472, '165.235.72.124'),
(3473, '165.235.72.125'),
(3474, '165.235.72.126'),
(3475, '165.235.72.127'),
(3476, '165.235.72.128'),
(3477, '165.235.72.129'),
(3478, '165.235.72.13'),
(3479, '165.235.72.130'),
(3480, '165.235.72.131'),
(3481, '165.235.72.132'),
(3482, '165.235.72.133'),
(3483, '165.235.72.134'),
(3484, '165.235.72.135'),
(3485, '165.235.72.136'),
(3486, '165.235.72.137'),
(3487, '165.235.72.138'),
(3488, '165.235.72.139'),
(3489, '165.235.72.14'),
(3490, '165.235.72.140'),
(3491, '165.235.72.141'),
(3492, '165.235.72.142'),
(3493, '165.235.72.143'),
(3494, '165.235.72.144'),
(3495, '165.235.72.145'),
(3496, '165.235.72.146'),
(3497, '165.235.72.147'),
(3498, '165.235.72.148'),
(3499, '165.235.72.149'),
(3500, '165.235.72.15'),
(3501, '165.235.72.150'),
(3502, '165.235.72.151'),
(3503, '165.235.72.152'),
(3504, '165.235.72.153'),
(3505, '165.235.72.154'),
(3506, '165.235.72.155'),
(3507, '165.235.72.156'),
(3508, '165.235.72.157'),
(3509, '165.235.72.158'),
(3510, '165.235.72.159'),
(3511, '165.235.72.16'),
(3512, '165.235.72.160'),
(3513, '165.235.72.161'),
(3514, '165.235.72.162'),
(3515, '165.235.72.163'),
(3516, '165.235.72.164'),
(3517, '165.235.72.165'),
(3518, '165.235.72.166'),
(3519, '165.235.72.167'),
(3520, '165.235.72.168'),
(3521, '165.235.72.169'),
(3522, '165.235.72.17'),
(3523, '165.235.72.170'),
(3524, '165.235.72.171'),
(3525, '165.235.72.172'),
(3526, '165.235.72.173'),
(3527, '165.235.72.174'),
(3528, '165.235.72.175'),
(3529, '165.235.72.176'),
(3530, '165.235.72.177'),
(3531, '165.235.72.178'),
(3532, '165.235.72.179'),
(3533, '165.235.72.18'),
(3534, '165.235.72.180'),
(3535, '165.235.72.181'),
(3536, '165.235.72.182'),
(3537, '165.235.72.183'),
(3538, '165.235.72.184'),
(3539, '165.235.72.185'),
(3540, '165.235.72.186'),
(3541, '165.235.72.187'),
(3542, '165.235.72.188'),
(3543, '165.235.72.189'),
(3544, '165.235.72.19'),
(3545, '165.235.72.190'),
(3546, '165.235.72.191'),
(3547, '165.235.72.192'),
(3548, '165.235.72.193'),
(3549, '165.235.72.194'),
(3550, '165.235.72.195'),
(3551, '165.235.72.196'),
(3552, '165.235.72.197'),
(3553, '165.235.72.198'),
(3554, '165.235.72.199'),
(3555, '165.235.72.2'),
(3556, '165.235.72.20'),
(3557, '165.235.72.200'),
(3558, '165.235.72.201'),
(3559, '165.235.72.202'),
(3560, '165.235.72.203'),
(3561, '165.235.72.204'),
(3562, '165.235.72.205'),
(3563, '165.235.72.206'),
(3564, '165.235.72.207'),
(3565, '165.235.72.208'),
(3566, '165.235.72.209'),
(3567, '165.235.72.21'),
(3568, '165.235.72.210'),
(3569, '165.235.72.211'),
(3570, '165.235.72.212'),
(3571, '165.235.72.213'),
(3572, '165.235.72.214'),
(3573, '165.235.72.215'),
(3574, '165.235.72.216'),
(3575, '165.235.72.217'),
(3576, '165.235.72.218'),
(3577, '165.235.72.219'),
(3578, '165.235.72.22'),
(3579, '165.235.72.220'),
(3580, '165.235.72.221'),
(3581, '165.235.72.222'),
(3582, '165.235.72.223'),
(3583, '165.235.72.224'),
(3584, '165.235.72.225'),
(3585, '165.235.72.226'),
(3586, '165.235.72.227'),
(3587, '165.235.72.228'),
(3588, '165.235.72.229'),
(3589, '165.235.72.23'),
(3590, '165.235.72.230'),
(3591, '165.235.72.231'),
(3592, '165.235.72.232'),
(3593, '165.235.72.233'),
(3594, '165.235.72.234'),
(3595, '165.235.72.235'),
(3596, '165.235.72.236'),
(3597, '165.235.72.237'),
(3598, '165.235.72.238'),
(3599, '165.235.72.239'),
(3600, '165.235.72.24'),
(3601, '165.235.72.240'),
(3602, '165.235.72.241'),
(3603, '165.235.72.242'),
(3604, '165.235.72.243'),
(3605, '165.235.72.244'),
(3606, '165.235.72.245'),
(3607, '165.235.72.246'),
(3608, '165.235.72.247'),
(3609, '165.235.72.248'),
(3610, '165.235.72.249'),
(3611, '165.235.72.25'),
(3612, '165.235.72.250'),
(3613, '165.235.72.251'),
(3614, '165.235.72.252'),
(3615, '165.235.72.253'),
(3616, '165.235.72.254'),
(3617, '165.235.72.26'),
(3618, '165.235.72.27'),
(3619, '165.235.72.28'),
(3620, '165.235.72.29'),
(3621, '165.235.72.3'),
(3622, '165.235.72.30'),
(3623, '165.235.72.31'),
(3624, '165.235.72.32'),
(3625, '165.235.72.33'),
(3626, '165.235.72.34'),
(3627, '165.235.72.35'),
(3628, '165.235.72.36'),
(3629, '165.235.72.37'),
(3630, '165.235.72.38'),
(3631, '165.235.72.39'),
(3632, '165.235.72.4'),
(3633, '165.235.72.40'),
(3634, '165.235.72.41'),
(3635, '165.235.72.42'),
(3636, '165.235.72.43'),
(3637, '165.235.72.44'),
(3638, '165.235.72.45'),
(3639, '165.235.72.46'),
(3640, '165.235.72.47'),
(3641, '165.235.72.48'),
(3642, '165.235.72.49'),
(3643, '165.235.72.5'),
(3644, '165.235.72.50'),
(3645, '165.235.72.51'),
(3646, '165.235.72.52'),
(3647, '165.235.72.53'),
(3648, '165.235.72.54'),
(3649, '165.235.72.55'),
(3650, '165.235.72.56'),
(3651, '165.235.72.57'),
(3652, '165.235.72.58'),
(3653, '165.235.72.59'),
(3654, '165.235.72.6'),
(3655, '165.235.72.60'),
(3656, '165.235.72.61'),
(3657, '165.235.72.62'),
(3658, '165.235.72.63'),
(3659, '165.235.72.64'),
(3660, '165.235.72.65'),
(3661, '165.235.72.66'),
(3662, '165.235.72.67'),
(3663, '165.235.72.68'),
(3664, '165.235.72.69'),
(3665, '165.235.72.7'),
(3666, '165.235.72.70'),
(3667, '165.235.72.71'),
(3668, '165.235.72.72'),
(3669, '165.235.72.73'),
(3670, '165.235.72.74'),
(3671, '165.235.72.75'),
(3672, '165.235.72.76'),
(3673, '165.235.72.77'),
(3674, '165.235.72.78'),
(3675, '165.235.72.79'),
(3676, '165.235.72.8'),
(3677, '165.235.72.80'),
(3678, '165.235.72.81'),
(3679, '165.235.72.82'),
(3680, '165.235.72.83'),
(3681, '165.235.72.84'),
(3682, '165.235.72.85'),
(3683, '165.235.72.86'),
(3684, '165.235.72.87'),
(3685, '165.235.72.88'),
(3686, '165.235.72.89'),
(3687, '165.235.72.9'),
(3688, '165.235.72.90'),
(3689, '165.235.72.91'),
(3690, '165.235.72.92'),
(3691, '165.235.72.93'),
(3692, '165.235.72.94'),
(3693, '165.235.72.95'),
(3694, '165.235.72.96'),
(3695, '165.235.72.97'),
(3696, '165.235.72.98'),
(3697, '165.235.72.99'),
(3698, '165.235.249.10'),
(3699, '10.1.1.23'),
(3700, '10.1.1.24'),
(3701, '157.130.196.145'),
(3702, '165.235.250.28'),
(3703, '165.235.52.100'),
(3704, '165.235.4.38'),
(3705, '165.235.249.90'),
(3706, '165.235.4.31'),
(3707, '165.235.52.201'),
(3708, '165.235.52.202'),
(3709, '165.235.52.199'),
(3710, '165.235.27.22'),
(3711, '10.1.1.100'),
(3712, '10.1.2.5'),
(3713, '10.1.2.50'),
(3714, '165.235.4.110'),
(3715, '165.235.52.24'),
(3716, '10.1.3.86'),
(3717, '165.235.52.33'),
(3718, '165.235.250.45'),
(3719, '165.235.52.210'),
(3720, '165.235.52.225'),
(3721, '165.235.52.2'),
(3722, '165.235.27.21'),
(3723, '165.235.4.205'),
(3724, '10.1.3.41'),
(3725, '10.1.3.48'),
(3726, '10.1.4.49'),
(3727, '10.1.3.52'),
(3728, '10.1.4.53'),
(3729, '10.1.3.37'),
(3730, '10.1.4.38'),
(3731, '10.1.3.46'),
(3732, '10.1.3.55'),
(3733, '165.235.52.42'),
(3734, '165.235.249.95'),
(3735, '10.1.27.32'),
(3736, '10.1.4.56'),
(3737, '10.1.4.55'),
(3738, '165.235.27.19'),
(3739, '165.235.27.20'),
(3740, '10.1.3.13'),
(3741, '165.235.52.39'),
(3742, '165.235.27.23'),
(3743, '10.1.38.176'),
(3744, '10.1.116.1'),
(3745, '10.1.116.20'),
(3746, '165.235.250.3'),
(3747, '165.235.52.220'),
(3748, '165.235.232.10'),
(3749, '165.235.4.220'),
(3750, '165.235.250.100'),
(3751, '165.235.232.31'),
(3752, '165.235.250.7'),
(3753, '165.235.52.56'),
(3754, '165.235.250.1'),
(3755, '165.235.250.8'),
(3756, '165.235.52.36'),
(3757, '10.1.27.136'),
(3758, '165.235.250.70'),
(3759, '165.235.52.19'),
(3760, '165.235.52.57'),
(3761, '165.235.52.82'),
(3762, '165.235.52.83'),
(3763, '165.235.52.121'),
(3764, '165.235.52.31'),
(3765, '165.235.4.13'),
(3766, '165.235.4.15'),
(3767, '165.235.4.16'),
(3768, '165.235.4.17'),
(3769, '165.235.232.14'),
(3770, '165.235.232.15'),
(3771, '10.1.3.51'),
(3772, '165.235.52.120'),
(3773, '10.1.3.120'),
(3774, '165.235.52.48'),
(3775, '165.235.52.222'),
(3776, '165.235.52.224'),
(3777, '10.1.4.120'),
(3778, '165.235.4.121'),
(3779, '165.235.4.120'),
(3780, '165.235.52.61'),
(3781, '165.235.232.232'),
(3782, '165.235.235.113'),
(3783, '165.235.52.125'),
(3784, '10.1.40.37'),
(3785, '165.235.4.125'),
(3786, '165.235.52.123'),
(3787, '165.235.52.124'),
(3788, '10.1.4.57'),
(3789, '165.235.27.55'),
(3790, '165.235.52.165'),
(3791, '165.235.52.166'),
(3792, '10.1.3.89'),
(3793, '10.1.3.11'),
(3794, '10.1.3.85'),
(3795, '10.1.3.92'),
(3796, '10.1.3.200'),
(3797, '10.1.1.47'),
(3798, '165.235.52.84'),
(3799, '165.235.250.17'),
(3800, '165.235.232.100'),
(3801, '165.235.52.18'),
(3802, '165.235.52.74'),
(3803, '165.235.4.19'),
(3804, '165.235.4.133'),
(3805, '165.235.232.17'),
(3806, '10.1.40.12'),
(3807, '10.1.40.13'),
(3808, '10.1.40.38'),
(3809, '165.235.232.40'),
(3810, '165.235.250.155'),
(3811, '165.235.250.156'),
(3812, '165.235.250.30'),
(3813, '165.235.250.157'),
(3814, '165.235.235.129'),
(3815, '165.235.235.127'),
(3816, '165.235.235.117'),
(3817, '165.235.235.122'),
(3818, '165.235.235.124'),
(3819, '165.235.235.125'),
(3820, '165.235.235.2'),
(3821, '10.1.40.23'),
(3822, '10.1.40.22'),
(3823, '10.1.40.33'),
(3824, '165.235.235.123'),
(3825, '165.235.235.114'),
(3826, '165.235.235.128'),
(3827, '165.235.235.235'),
(3828, '165.235.235.246'),
(3829, '165.235.235.245'),
(3830, '165.235.235.244'),
(3831, '165.235.235.236'),
(3832, '165.235.235.242'),
(3833, '165.235.235.243'),
(3834, '165.235.235.239'),
(3835, '165.235.235.240'),
(3836, '165.235.235.241'),
(3837, '165.235.235.238'),
(3838, '10.1.40.32'),
(3839, '10.1.40.43'),
(3840, '10.1.40.42'),
(3841, '10.1.40.52'),
(3842, '165.235.235.247'),
(3843, '165.235.235.237'),
(3844, '10.1.1.150'),
(3845, '165.235.250.151'),
(3846, '10.1.40.53'),
(3847, '10.1.40.62'),
(3848, '165.235.235.254'),
(3849, '165.235.235.253'),
(3850, '165.235.235.252'),
(3851, '165.235.235.251'),
(3852, '165.235.235.250'),
(3853, '165.235.235.249'),
(3854, '165.235.235.248'),
(3855, '165.235.235.230'),
(3856, '165.235.235.228'),
(3857, '165.235.52.156'),
(3858, '10.1.40.63'),
(3859, '165.235.235.221'),
(3860, '165.235.235.222'),
(3861, '165.235.235.223'),
(3862, '165.235.250.32'),
(3863, '10.1.3.57'),
(3864, '10.1.27.17'),
(3865, '10.1.27.138'),
(3866, '165.235.4.18'),
(3867, '10.1.40.5'),
(3868, '10.1.40.6'),
(3869, '10.1.40.36'),
(3870, '165.235.249.101'),
(3871, '165.235.249.100'),
(3872, '165.235.52.154'),
(3873, '165.235.232.33'),
(3874, '10.1.3.60'),
(3875, '10.1.3.61'),
(3876, '165.235.52.38'),
(3877, '165.235.52.162'),
(3878, '165.235.250.13'),
(3879, '165.235.232.18'),
(3880, '165.235.232.11'),
(3881, '165.235.250.15'),
(3882, '165.235.4.14'),
(3883, '165.235.52.10'),
(3884, '165.235.250.20'),
(3885, '165.235.250.29'),
(3886, '165.235.235.215'),
(3887, '165.235.232.41'),
(3888, '165.235.232.42'),
(3889, '165.235.250.40'),
(3890, '165.235.250.167'),
(3891, '165.235.232.37'),
(3892, '165.235.250.150'),
(3893, '10.1.38.59'),
(3894, '165.235.4.141'),
(3895, '165.235.4.143'),
(3896, '165.235.4.144'),
(3897, '165.235.52.126'),
(3898, '165.235.4.142'),
(3899, '165.235.52.149'),
(3900, '10.1.40.144'),
(3901, '10.1.40.146'),
(3902, '10.1.40.147'),
(3903, '10.1.40.148'),
(3904, '165.235.4.21'),
(3905, '165.235.52.150'),
(3906, '165.235.232.50'),
(3907, '165.235.232.51'),
(3908, '165.235.52.151'),
(3909, '165.235.4.176'),
(3910, '165.235.52.153'),
(3911, '10.1.27.139'),
(3912, '165.235.52.17'),
(3913, '165.235.52.160'),
(3914, '10.1.38.60'),
(3915, '10.1.40.16'),
(3916, '10.1.40.17'),
(3917, '10.1.40.29'),
(3918, '10.1.40.40'),
(3919, '10.1.40.49'),
(3920, '10.1.40.56'),
(3921, '10.1.40.131'),
(3922, '10.1.3.12'),
(3923, '165.235.21.88'),
(3924, '165.235.21.120'),
(3925, '165.235.52.171'),
(3926, '165.235.4.150'),
(3927, '165.235.4.36'),
(3928, '10.1.38.84'),
(3929, '165.235.4.40'),
(3930, '10.1.38.83'),
(3931, '165.235.21.17'),
(3932, '165.235.250.175'),
(3933, '165.235.250.176'),
(3934, '165.235.250.177'),
(3935, '165.235.232.178'),
(3936, '165.235.4.25'),
(3937, '165.235.4.22'),
(3938, '165.235.4.26'),
(3939, '165.235.4.23'),
(3940, '165.235.52.147'),
(3941, '165.235.52.148'),
(3942, '165.235.232.60'),
(3943, '165.235.21.83'),
(3944, '165.235.4.27'),
(3945, '165.235.4.28'),
(3946, '165.235.4.29'),
(3947, '165.235.4.30'),
(3948, '165.235.4.32'),
(3949, '165.235.4.35'),
(3950, '165.235.4.37'),
(3951, '165.235.4.41'),
(3952, '165.235.4.39'),
(3953, '165.235.232.61'),
(3954, '165.235.232.70'),
(3955, '165.235.52.69'),
(3956, '165.235.4.43'),
(3957, '165.235.232.25'),
(3958, '165.235.232.55'),
(3959, '165.235.250.60'),
(3960, '165.235.52.21'),
(3961, '165.235.4.151'),
(3962, '165.235.4.155'),
(3963, '165.235.4.156'),
(3964, '165.235.232.44'),
(3965, '165.235.4.50'),
(3966, '10.1.40.51'),
(3967, '10.1.40.54'),
(3968, '10.1.40.57'),
(3969, '165.235.4.20'),
(3970, '165.235.4.24'),
(3971, '165.235.4.111'),
(3972, '165.235.4.137'),
(3973, '165.235.4.206'),
(3974, '165.235.4.231'),
(3975, '165.235.4.166'),
(3976, '10.1.38.25'),
(3977, '165.235.4.49'),
(3978, '165.235.4.51'),
(3979, '165.235.232.45'),
(3980, '165.235.250.79'),
(3981, '165.235.52.200'),
(3982, '165.235.52.250'),
(3983, '165.235.232.200'),
(3984, '165.235.4.33'),
(3985, '165.235.27.27'),
(3986, '165.235.52.22'),
(3987, '165.235.4.207'),
(3988, '165.235.4.112'),
(3989, '165.235.4.134'),
(3990, '165.235.4.136'),
(3991, '165.235.4.135'),
(3992, '165.235.4.221'),
(3993, '165.235.21.62'),
(3994, '165.235.21.121'),
(3995, '165.235.21.113'),
(3996, '165.235.21.89'),
(3997, '165.235.52.216'),
(3998, '165.235.232.43'),
(3999, '165.235.52.215'),
(4000, '165.235.232.203'),
(4001, '165.235.232.201'),
(4002, '165.235.232.71'),
(4003, '165.235.232.202'),
(4004, '165.235.52.217'),
(4005, '165.235.52.219'),
(4006, '165.235.52.223'),
(4007, '165.235.21.124'),
(4008, '165.235.4.222'),
(4009, '165.235.4.232'),
(4010, '165.235.52.155'),
(4011, '165.235.249.2'),
(4012, '165.235.250.102'),
(4013, '10.1.27.40');

-- --------------------------------------------------------

--
-- Table structure for table `os_info`
--

CREATE TABLE `os_info` (
  `id` int(11) NOT NULL,
  `vendor` varchar(255) DEFAULT NULL,
  `osversion` varchar(255) DEFAULT NULL
) ENGINE=InnoDB DEFAULT CHARSET=latin1;

--
-- Dumping data for table `os_info`
--

INSERT INTO `os_info` (`id`, `vendor`, `osversion`) VALUES
(1, 'Windows', '10.0'),
(2, 'Windows', '6.3'),
(3, 'Windows', NULL),
(4, 'Windows', '6.1'),
(5, 'HP', NULL),
(6, 'Xerox', ''),
(7, NULL, NULL),
(8, 'Cisco', '16.6.3,'),
(9, 'HP', ''),
(10, 'net-snmp', ''),
(11, 'Cisco', '15.7(3)M,'),
(12, 'Cisco', '15.5(3)S1a,'),
(13, 'Unknown', ''),
(14, 'Cisco', '16.6.1,'),
(15, 'Palo Alto Networks', ''),
(16, 'Nimble Storage', ''),
(17, 'APC NetBotz', ''),
(18, 'Dell Computer Corporation', ''),
(19, 'Extreme Networks', ''),
(20, 'Windows', ''),
(21, 'Cisco', '9.6(4)29'),
(22, 'Forte Networks Inc.', ''),
(23, 'Aruba Networks Inc', ''),
(24, 'American Power Conversion Corp.', ''),
(25, 'The Advantage Group', ':'),
(26, 'Ubiquiti Networks, Inc.', ''),
(27, 'H3C', '5.20,'),
(28, 'EnGenius Networks, Inc.', ''),
(29, 'Tripp Lite', ''),
(30, 'Samsung Group', ''),
(31, 'SHARP Corporation', ''),
(32, 'Windows', NULL),
(33, 'HP', NULL),
(34, NULL, NULL),
(35, 'Windows', NULL),
(36, 'HP', NULL),
(37, NULL, NULL);

-- --------------------------------------------------------

--
-- Table structure for table `owner`
--

CREATE TABLE `owner` (
  `id` int(11) NOT NULL,
  `owner` varchar(255) DEFAULT NULL,
  `email_id` varchar(255) DEFAULT NULL
) ENGINE=InnoDB DEFAULT CHARSET=latin1;

-- --------------------------------------------------------

--
-- Table structure for table `owner_application`
--

CREATE TABLE `owner_application` (
  `id` int(11) NOT NULL,
  `owner_id` int(11) DEFAULT NULL,
  `application_id` int(11) DEFAULT NULL
) ENGINE=InnoDB DEFAULT CHARSET=latin1;

-- --------------------------------------------------------

--
-- Table structure for table `ports`
--

CREATE TABLE `ports` (
  `id` int(11) NOT NULL,
  `portname` varchar(255) DEFAULT NULL,
  `port` int(11) DEFAULT NULL
) ENGINE=InnoDB DEFAULT CHARSET=latin1;

--
-- Dumping data for table `ports`
--

INSERT INTO `ports` (`id`, `portname`, `port`) VALUES
(1, 'ICMP Ping', 0),
(2, 'FTP', 21),
(3, 'SSH', 22),
(4, 'SMTP', 25),
(5, 'DNS', 53),
(6, 'HTTP', 80),
(7, 'Kerberos', 88),
(8, 'UNIX RPC Port Mapper', 111),
(9, 'Windows RPC Endpoint Mapper', 135),
(10, 'HTTPS', 443),
(11, 'Microsoft SMB', 445),
(12, 'Microsoft SQL Server', 1433),
(13, 'Microsoft Terminal Services and RDP', 3389),
(14, 'EminentWare Data Grid Server', 4092);

-- --------------------------------------------------------

--
-- Table structure for table `ports_ipaddress`
--

CREATE TABLE `ports_ipaddress` (
  `id` int(11) NOT NULL,
  `ports_id` int(11) DEFAULT NULL,
  `ipaddress_id` int(11) DEFAULT NULL
) ENGINE=InnoDB DEFAULT CHARSET=latin1;

--
-- Dumping data for table `ports_ipaddress`
--

INSERT INTO `ports_ipaddress` (`id`, `ports_id`, `ipaddress_id`) VALUES
(1, 1, 1),
(2, 2, 1),
(3, 3, 1),
(4, 4, 1),
(5, 5, 1),
(6, 6, 1),
(7, 7, 1),
(8, 8, 1),
(9, 9, 1),
(10, 10, 1),
(11, 11, 1),
(12, 12, 1),
(13, 13, 1),
(14, 14, 1),
(15, 1, 2),
(16, 2, 2),
(17, 3, 2),
(18, 4, 2),
(19, 5, 2),
(20, 6, 2),
(21, 7, 2),
(22, 8, 2),
(23, 9, 2),
(24, 10, 2),
(25, 11, 2),
(26, 12, 2),
(27, 13, 2),
(28, 14, 2),
(29, 1, 3),
(30, 2, 3),
(31, 3, 3),
(32, 4, 3),
(33, 5, 3),
(34, 6, 3),
(35, 7, 3),
(36, 8, 3),
(37, 9, 3),
(38, 10, 3),
(39, 11, 3),
(40, 12, 3),
(41, 13, 3),
(42, 14, 3),
(43, 1, 4),
(44, 2, 4),
(45, 3, 4),
(46, 4, 4),
(47, 5, 4),
(48, 6, 4),
(49, 7, 4),
(50, 8, 4),
(51, 9, 4),
(52, 10, 4),
(53, 11, 4),
(54, 12, 4),
(55, 13, 4),
(56, 14, 4),
(57, 1, 5),
(58, 2, 5),
(59, 3, 5),
(60, 4, 5),
(61, 5, 5),
(62, 6, 5),
(63, 7, 5),
(64, 8, 5),
(65, 9, 5),
(66, 10, 5),
(67, 11, 5),
(68, 12, 5),
(69, 13, 5),
(70, 14, 5),
(71, 1, 6),
(72, 2, 6),
(73, 3, 6),
(74, 4, 6),
(75, 5, 6),
(76, 6, 6),
(77, 7, 6),
(78, 8, 6),
(79, 9, 6),
(80, 10, 6),
(81, 11, 6),
(82, 12, 6),
(83, 13, 6),
(84, 14, 6),
(85, 1, 7),
(86, 2, 7),
(87, 3, 7),
(88, 4, 7),
(89, 5, 7),
(90, 6, 7),
(91, 7, 7),
(92, 8, 7),
(93, 9, 7),
(94, 10, 7),
(95, 11, 7),
(96, 12, 7),
(97, 13, 7),
(98, 14, 7),
(99, 1, 8),
(100, 2, 8),
(101, 3, 8),
(102, 4, 8),
(103, 5, 8),
(104, 6, 8),
(105, 7, 8),
(106, 8, 8),
(107, 9, 8),
(108, 10, 8),
(109, 11, 8),
(110, 12, 8),
(111, 13, 8),
(112, 14, 8),
(113, 1, 9),
(114, 2, 9),
(115, 3, 9),
(116, 4, 9),
(117, 5, 9),
(118, 6, 9),
(119, 7, 9),
(120, 8, 9),
(121, 9, 9),
(122, 10, 9),
(123, 11, 9),
(124, 12, 9),
(125, 13, 9),
(126, 14, 9),
(127, 1, 10),
(128, 2, 10),
(129, 3, 10),
(130, 4, 10),
(131, 5, 10),
(132, 6, 10),
(133, 7, 10),
(134, 8, 10),
(135, 9, 10),
(136, 10, 10),
(137, 11, 10),
(138, 12, 10),
(139, 13, 10),
(140, 14, 10),
(141, 1, 11),
(142, 2, 11),
(143, 3, 11),
(144, 4, 11),
(145, 5, 11),
(146, 6, 11),
(147, 7, 11),
(148, 8, 11),
(149, 9, 11),
(150, 10, 11),
(151, 11, 11),
(152, 12, 11),
(153, 13, 11),
(154, 14, 11),
(155, 1, 12),
(156, 2, 12),
(157, 3, 12),
(158, 4, 12),
(159, 5, 12),
(160, 6, 12),
(161, 7, 12),
(162, 8, 12),
(163, 9, 12),
(164, 10, 12),
(165, 11, 12),
(166, 12, 12),
(167, 13, 12),
(168, 14, 12),
(169, 1, 13),
(170, 2, 13),
(171, 3, 13),
(172, 4, 13),
(173, 5, 13),
(174, 6, 13),
(175, 7, 13),
(176, 8, 13),
(177, 9, 13),
(178, 10, 13),
(179, 11, 13),
(180, 12, 13),
(181, 13, 13),
(182, 14, 13),
(183, 1, 14),
(184, 2, 14),
(185, 3, 14),
(186, 4, 14),
(187, 5, 14),
(188, 6, 14),
(189, 7, 14),
(190, 8, 14),
(191, 9, 14),
(192, 10, 14),
(193, 11, 14),
(194, 12, 14),
(195, 13, 14),
(196, 14, 14),
(197, 1, 15),
(198, 2, 15),
(199, 3, 15),
(200, 4, 15),
(201, 5, 15),
(202, 6, 15),
(203, 7, 15),
(204, 8, 15),
(205, 9, 15),
(206, 10, 15),
(207, 11, 15),
(208, 12, 15),
(209, 13, 15),
(210, 14, 15),
(211, 1, 16),
(212, 2, 16),
(213, 3, 16),
(214, 4, 16),
(215, 5, 16),
(216, 6, 16),
(217, 7, 16),
(218, 8, 16),
(219, 9, 16),
(220, 10, 16),
(221, 11, 16),
(222, 12, 16),
(223, 13, 16),
(224, 14, 16),
(225, 1, 17),
(226, 2, 17),
(227, 3, 17),
(228, 4, 17),
(229, 5, 17),
(230, 6, 17),
(231, 7, 17),
(232, 8, 17),
(233, 9, 17),
(234, 10, 17),
(235, 11, 17),
(236, 12, 17),
(237, 13, 17),
(238, 14, 17),
(239, 1, 18),
(240, 2, 18),
(241, 3, 18),
(242, 4, 18),
(243, 5, 18),
(244, 6, 18),
(245, 7, 18),
(246, 8, 18),
(247, 9, 18),
(248, 10, 18),
(249, 11, 18),
(250, 12, 18),
(251, 13, 18),
(252, 14, 18),
(253, 1, 19),
(254, 2, 19),
(255, 3, 19),
(256, 4, 19),
(257, 5, 19),
(258, 6, 19),
(259, 7, 19),
(260, 8, 19),
(261, 9, 19),
(262, 10, 19),
(263, 11, 19),
(264, 12, 19),
(265, 13, 19),
(266, 14, 19),
(267, 1, 20),
(268, 2, 20),
(269, 3, 20),
(270, 4, 20),
(271, 5, 20),
(272, 6, 20),
(273, 7, 20),
(274, 8, 20),
(275, 9, 20),
(276, 10, 20),
(277, 11, 20),
(278, 12, 20),
(279, 13, 20),
(280, 14, 20),
(281, 1, 21),
(282, 2, 21),
(283, 3, 21),
(284, 4, 21),
(285, 5, 21),
(286, 6, 21),
(287, 7, 21),
(288, 8, 21),
(289, 9, 21),
(290, 10, 21),
(291, 11, 21),
(292, 12, 21),
(293, 13, 21),
(294, 14, 21),
(295, 1, 22),
(296, 2, 22),
(297, 3, 22),
(298, 4, 22),
(299, 5, 22),
(300, 6, 22),
(301, 7, 22),
(302, 8, 22),
(303, 9, 22),
(304, 10, 22),
(305, 11, 22),
(306, 12, 22),
(307, 13, 22),
(308, 14, 22),
(309, 1, 23),
(310, 2, 23),
(311, 3, 23),
(312, 4, 23),
(313, 5, 23),
(314, 6, 23),
(315, 7, 23),
(316, 8, 23),
(317, 9, 23),
(318, 10, 23),
(319, 11, 23),
(320, 12, 23),
(321, 13, 23),
(322, 14, 23),
(323, 1, 24),
(324, 2, 24),
(325, 3, 24),
(326, 4, 24),
(327, 5, 24),
(328, 6, 24),
(329, 7, 24),
(330, 8, 24),
(331, 9, 24),
(332, 10, 24),
(333, 11, 24),
(334, 12, 24),
(335, 13, 24),
(336, 14, 24),
(337, 1, 25),
(338, 2, 25),
(339, 3, 25),
(340, 4, 25),
(341, 5, 25),
(342, 6, 25),
(343, 7, 25),
(344, 8, 25),
(345, 9, 25),
(346, 10, 25),
(347, 11, 25),
(348, 12, 25),
(349, 13, 25),
(350, 14, 25),
(351, 1, 26),
(352, 2, 26),
(353, 3, 26),
(354, 4, 26),
(355, 5, 26),
(356, 6, 26),
(357, 7, 26),
(358, 8, 26),
(359, 9, 26),
(360, 10, 26),
(361, 11, 26),
(362, 12, 26),
(363, 13, 26),
(364, 14, 26),
(365, 1, 27),
(366, 2, 27),
(367, 3, 27),
(368, 4, 27),
(369, 5, 27),
(370, 6, 27),
(371, 7, 27),
(372, 8, 27),
(373, 9, 27),
(374, 10, 27),
(375, 11, 27),
(376, 12, 27),
(377, 13, 27),
(378, 14, 27),
(379, 1, 28),
(380, 2, 28),
(381, 3, 28),
(382, 4, 28),
(383, 5, 28),
(384, 6, 28),
(385, 7, 28),
(386, 8, 28),
(387, 9, 28),
(388, 10, 28),
(389, 11, 28),
(390, 12, 28),
(391, 13, 28),
(392, 14, 28),
(393, 1, 29),
(394, 2, 29),
(395, 3, 29),
(396, 4, 29),
(397, 5, 29),
(398, 6, 29),
(399, 7, 29),
(400, 8, 29),
(401, 9, 29),
(402, 10, 29),
(403, 11, 29),
(404, 12, 29),
(405, 13, 29),
(406, 14, 29),
(407, 1, 30),
(408, 2, 30),
(409, 3, 30),
(410, 4, 30),
(411, 5, 30),
(412, 6, 30),
(413, 7, 30),
(414, 8, 30),
(415, 9, 30),
(416, 10, 30),
(417, 11, 30),
(418, 12, 30),
(419, 13, 30),
(420, 14, 30),
(421, 1, 31),
(422, 2, 31),
(423, 3, 31),
(424, 4, 31),
(425, 5, 31),
(426, 6, 31),
(427, 7, 31),
(428, 8, 31),
(429, 9, 31),
(430, 10, 31),
(431, 11, 31),
(432, 12, 31),
(433, 13, 31),
(434, 14, 31),
(435, 1, 32),
(436, 2, 32),
(437, 3, 32),
(438, 4, 32),
(439, 5, 32),
(440, 6, 32),
(441, 7, 32),
(442, 8, 32),
(443, 9, 32),
(444, 10, 32),
(445, 11, 32),
(446, 12, 32),
(447, 13, 32),
(448, 14, 32),
(449, 1, 33),
(450, 2, 33),
(451, 3, 33),
(452, 4, 33),
(453, 5, 33),
(454, 6, 33),
(455, 7, 33),
(456, 8, 33),
(457, 9, 33),
(458, 10, 33),
(459, 11, 33),
(460, 12, 33),
(461, 13, 33),
(462, 14, 33),
(463, 1, 34),
(464, 2, 34),
(465, 3, 34),
(466, 4, 34),
(467, 5, 34),
(468, 6, 34),
(469, 7, 34),
(470, 8, 34),
(471, 9, 34),
(472, 10, 34),
(473, 11, 34),
(474, 12, 34),
(475, 13, 34),
(476, 14, 34),
(477, 1, 35),
(478, 2, 35),
(479, 3, 35),
(480, 4, 35),
(481, 5, 35),
(482, 6, 35),
(483, 7, 35),
(484, 8, 35),
(485, 9, 35),
(486, 10, 35),
(487, 11, 35),
(488, 12, 35),
(489, 13, 35),
(490, 14, 35),
(491, 1, 36),
(492, 2, 36),
(493, 3, 36),
(494, 4, 36),
(495, 5, 36),
(496, 6, 36),
(497, 7, 36),
(498, 8, 36),
(499, 9, 36),
(500, 10, 36),
(501, 11, 36),
(502, 12, 36),
(503, 13, 36),
(504, 14, 36),
(505, 1, 37),
(506, 2, 37),
(507, 3, 37),
(508, 4, 37),
(509, 5, 37),
(510, 6, 37),
(511, 7, 37),
(512, 8, 37),
(513, 9, 37),
(514, 10, 37),
(515, 11, 37),
(516, 12, 37),
(517, 13, 37),
(518, 14, 37),
(519, 1, 38),
(520, 2, 38),
(521, 3, 38),
(522, 4, 38),
(523, 5, 38),
(524, 6, 38),
(525, 7, 38),
(526, 8, 38),
(527, 9, 38),
(528, 10, 38),
(529, 11, 38),
(530, 12, 38),
(531, 13, 38),
(532, 14, 38),
(533, 1, 39),
(534, 2, 39),
(535, 3, 39),
(536, 4, 39),
(537, 5, 39),
(538, 6, 39),
(539, 7, 39),
(540, 8, 39),
(541, 9, 39),
(542, 10, 39),
(543, 11, 39),
(544, 12, 39),
(545, 13, 39),
(546, 14, 39),
(547, 1, 40),
(548, 2, 40),
(549, 3, 40),
(550, 4, 40),
(551, 5, 40),
(552, 6, 40),
(553, 7, 40),
(554, 8, 40),
(555, 9, 40),
(556, 10, 40),
(557, 11, 40),
(558, 12, 40),
(559, 13, 40),
(560, 14, 40),
(561, 1, 41),
(562, 2, 41),
(563, 3, 41),
(564, 4, 41),
(565, 5, 41),
(566, 6, 41),
(567, 7, 41),
(568, 8, 41),
(569, 9, 41),
(570, 10, 41),
(571, 11, 41),
(572, 12, 41),
(573, 13, 41),
(574, 14, 41),
(575, 1, 42),
(576, 2, 42),
(577, 3, 42),
(578, 4, 42),
(579, 5, 42),
(580, 6, 42),
(581, 7, 42),
(582, 8, 42),
(583, 9, 42),
(584, 10, 42),
(585, 11, 42),
(586, 12, 42),
(587, 13, 42),
(588, 14, 42),
(589, 1, 43),
(590, 2, 43),
(591, 3, 43),
(592, 4, 43),
(593, 5, 43),
(594, 6, 43),
(595, 7, 43),
(596, 8, 43),
(597, 9, 43),
(598, 10, 43),
(599, 11, 43),
(600, 12, 43),
(601, 13, 43),
(602, 14, 43),
(603, 1, 44),
(604, 2, 44),
(605, 3, 44),
(606, 4, 44),
(607, 5, 44),
(608, 6, 44),
(609, 7, 44),
(610, 8, 44),
(611, 9, 44),
(612, 10, 44),
(613, 11, 44),
(614, 12, 44),
(615, 13, 44),
(616, 14, 44),
(617, 1, 45),
(618, 2, 45),
(619, 3, 45),
(620, 4, 45),
(621, 5, 45),
(622, 6, 45),
(623, 7, 45),
(624, 8, 45),
(625, 9, 45),
(626, 10, 45),
(627, 11, 45),
(628, 12, 45),
(629, 13, 45),
(630, 14, 45),
(631, 1, 46),
(632, 2, 46),
(633, 3, 46),
(634, 4, 46),
(635, 5, 46),
(636, 6, 46),
(637, 7, 46),
(638, 8, 46),
(639, 9, 46),
(640, 10, 46),
(641, 11, 46),
(642, 12, 46),
(643, 13, 46),
(644, 14, 46),
(645, 1, 47),
(646, 2, 47),
(647, 3, 47),
(648, 4, 47),
(649, 5, 47),
(650, 6, 47),
(651, 7, 47),
(652, 8, 47),
(653, 9, 47),
(654, 10, 47),
(655, 11, 47),
(656, 12, 47),
(657, 13, 47),
(658, 14, 47),
(659, 1, 48),
(660, 2, 48),
(661, 3, 48),
(662, 4, 48),
(663, 5, 48),
(664, 6, 48),
(665, 7, 48),
(666, 8, 48),
(667, 9, 48),
(668, 10, 48),
(669, 11, 48),
(670, 12, 48),
(671, 13, 48),
(672, 14, 48),
(673, 1, 49),
(674, 2, 49),
(675, 3, 49),
(676, 4, 49),
(677, 5, 49),
(678, 6, 49),
(679, 7, 49),
(680, 8, 49),
(681, 9, 49),
(682, 10, 49),
(683, 11, 49),
(684, 12, 49),
(685, 13, 49),
(686, 14, 49),
(687, 1, 50),
(688, 2, 50),
(689, 3, 50),
(690, 4, 50),
(691, 5, 50),
(692, 6, 50),
(693, 7, 50),
(694, 8, 50),
(695, 9, 50),
(696, 10, 50),
(697, 11, 50),
(698, 12, 50),
(699, 13, 50),
(700, 14, 50),
(701, 1, 51),
(702, 2, 51),
(703, 3, 51),
(704, 4, 51),
(705, 5, 51),
(706, 6, 51),
(707, 7, 51),
(708, 8, 51),
(709, 9, 51),
(710, 10, 51),
(711, 11, 51),
(712, 12, 51),
(713, 13, 51),
(714, 14, 51),
(715, 1, 52),
(716, 2, 52),
(717, 3, 52),
(718, 4, 52),
(719, 5, 52),
(720, 6, 52),
(721, 7, 52),
(722, 8, 52),
(723, 9, 52),
(724, 10, 52),
(725, 11, 52),
(726, 12, 52),
(727, 13, 52),
(728, 14, 52),
(729, 1, 53),
(730, 2, 53),
(731, 3, 53),
(732, 4, 53),
(733, 5, 53),
(734, 6, 53),
(735, 7, 53),
(736, 8, 53),
(737, 9, 53),
(738, 10, 53),
(739, 11, 53),
(740, 12, 53),
(741, 13, 53),
(742, 14, 53),
(743, 1, 54),
(744, 2, 54),
(745, 3, 54),
(746, 4, 54),
(747, 5, 54),
(748, 6, 54),
(749, 7, 54),
(750, 8, 54),
(751, 9, 54),
(752, 10, 54),
(753, 11, 54),
(754, 12, 54),
(755, 13, 54),
(756, 14, 54),
(757, 1, 55),
(758, 2, 55),
(759, 3, 55),
(760, 4, 55),
(761, 5, 55),
(762, 6, 55),
(763, 7, 55),
(764, 8, 55),
(765, 9, 55),
(766, 10, 55),
(767, 11, 55),
(768, 12, 55),
(769, 13, 55),
(770, 14, 55),
(771, 1, 56),
(772, 2, 56),
(773, 3, 56),
(774, 4, 56),
(775, 5, 56),
(776, 6, 56),
(777, 7, 56),
(778, 8, 56),
(779, 9, 56),
(780, 10, 56),
(781, 11, 56),
(782, 12, 56),
(783, 13, 56),
(784, 14, 56),
(785, 1, 57),
(786, 2, 57),
(787, 3, 57),
(788, 4, 57),
(789, 5, 57),
(790, 6, 57),
(791, 7, 57),
(792, 8, 57),
(793, 9, 57),
(794, 10, 57),
(795, 11, 57),
(796, 12, 57),
(797, 13, 57),
(798, 14, 57),
(799, 1, 58),
(800, 2, 58),
(801, 3, 58),
(802, 4, 58),
(803, 5, 58),
(804, 6, 58),
(805, 7, 58),
(806, 8, 58),
(807, 9, 58),
(808, 10, 58),
(809, 11, 58),
(810, 12, 58),
(811, 13, 58),
(812, 14, 58),
(813, 1, 59),
(814, 2, 59),
(815, 3, 59),
(816, 4, 59),
(817, 5, 59),
(818, 6, 59),
(819, 7, 59),
(820, 8, 59),
(821, 9, 59),
(822, 10, 59),
(823, 11, 59),
(824, 12, 59),
(825, 13, 59),
(826, 14, 59),
(827, 1, 60),
(828, 2, 60),
(829, 3, 60),
(830, 4, 60),
(831, 5, 60),
(832, 6, 60),
(833, 7, 60),
(834, 8, 60),
(835, 9, 60),
(836, 10, 60),
(837, 11, 60),
(838, 12, 60),
(839, 13, 60),
(840, 14, 60),
(841, 1, 61),
(842, 2, 61),
(843, 3, 61),
(844, 4, 61),
(845, 5, 61),
(846, 6, 61),
(847, 7, 61),
(848, 8, 61),
(849, 9, 61),
(850, 10, 61),
(851, 11, 61),
(852, 12, 61),
(853, 13, 61),
(854, 14, 61),
(855, 1, 62),
(856, 2, 62),
(857, 3, 62),
(858, 4, 62),
(859, 5, 62),
(860, 6, 62),
(861, 7, 62),
(862, 8, 62),
(863, 9, 62),
(864, 10, 62),
(865, 11, 62),
(866, 12, 62),
(867, 13, 62),
(868, 14, 62),
(869, 1, 63),
(870, 2, 63),
(871, 3, 63),
(872, 4, 63),
(873, 5, 63),
(874, 6, 63),
(875, 7, 63),
(876, 8, 63),
(877, 9, 63),
(878, 10, 63),
(879, 11, 63),
(880, 12, 63),
(881, 13, 63),
(882, 14, 63),
(883, 1, 64),
(884, 2, 64),
(885, 3, 64),
(886, 4, 64),
(887, 5, 64),
(888, 6, 64),
(889, 7, 64),
(890, 8, 64),
(891, 9, 64),
(892, 10, 64),
(893, 11, 64),
(894, 12, 64),
(895, 13, 64),
(896, 14, 64),
(897, 1, 65),
(898, 2, 65),
(899, 3, 65),
(900, 4, 65),
(901, 5, 65),
(902, 6, 65),
(903, 7, 65),
(904, 8, 65),
(905, 9, 65),
(906, 10, 65),
(907, 11, 65),
(908, 12, 65),
(909, 13, 65),
(910, 14, 65),
(911, 1, 66),
(912, 2, 66),
(913, 3, 66),
(914, 4, 66),
(915, 5, 66),
(916, 6, 66),
(917, 7, 66),
(918, 8, 66),
(919, 9, 66),
(920, 10, 66),
(921, 11, 66),
(922, 12, 66),
(923, 13, 66),
(924, 14, 66),
(925, 1, 67),
(926, 2, 67),
(927, 3, 67),
(928, 4, 67),
(929, 5, 67),
(930, 6, 67),
(931, 7, 67),
(932, 8, 67),
(933, 9, 67),
(934, 10, 67),
(935, 11, 67),
(936, 12, 67),
(937, 13, 67),
(938, 14, 67),
(939, 1, 68),
(940, 2, 68),
(941, 3, 68),
(942, 4, 68),
(943, 5, 68),
(944, 6, 68),
(945, 7, 68),
(946, 8, 68),
(947, 9, 68),
(948, 10, 68),
(949, 11, 68),
(950, 12, 68),
(951, 13, 68),
(952, 14, 68),
(953, 1, 69),
(954, 2, 69),
(955, 3, 69),
(956, 4, 69),
(957, 5, 69),
(958, 6, 69),
(959, 7, 69),
(960, 8, 69),
(961, 9, 69),
(962, 10, 69),
(963, 11, 69),
(964, 12, 69),
(965, 13, 69),
(966, 14, 69),
(967, 1, 70),
(968, 2, 70),
(969, 3, 70),
(970, 4, 70),
(971, 5, 70),
(972, 6, 70),
(973, 7, 70),
(974, 8, 70),
(975, 9, 70),
(976, 10, 70),
(977, 11, 70),
(978, 12, 70),
(979, 13, 70),
(980, 14, 70),
(981, 1, 71),
(982, 2, 71),
(983, 3, 71),
(984, 4, 71),
(985, 5, 71),
(986, 6, 71),
(987, 7, 71),
(988, 8, 71),
(989, 9, 71),
(990, 10, 71),
(991, 11, 71),
(992, 12, 71),
(993, 13, 71),
(994, 14, 71),
(995, 1, 72),
(996, 2, 72),
(997, 3, 72),
(998, 4, 72),
(999, 5, 72),
(1000, 6, 72),
(1001, 7, 72),
(1002, 8, 72),
(1003, 9, 72),
(1004, 10, 72),
(1005, 11, 72),
(1006, 12, 72),
(1007, 13, 72),
(1008, 14, 72),
(1009, 1, 73),
(1010, 2, 73),
(1011, 3, 73),
(1012, 4, 73),
(1013, 5, 73),
(1014, 6, 73),
(1015, 7, 73),
(1016, 8, 73),
(1017, 9, 73),
(1018, 10, 73),
(1019, 11, 73),
(1020, 12, 73),
(1021, 13, 73),
(1022, 14, 73),
(1023, 1, 74),
(1024, 2, 74),
(1025, 3, 74),
(1026, 4, 74),
(1027, 5, 74),
(1028, 6, 74),
(1029, 7, 74),
(1030, 8, 74),
(1031, 9, 74),
(1032, 10, 74),
(1033, 11, 74),
(1034, 12, 74),
(1035, 13, 74),
(1036, 14, 74),
(1037, 1, 75),
(1038, 2, 75),
(1039, 3, 75),
(1040, 4, 75),
(1041, 5, 75),
(1042, 6, 75),
(1043, 7, 75),
(1044, 8, 75),
(1045, 9, 75),
(1046, 10, 75),
(1047, 11, 75),
(1048, 12, 75),
(1049, 13, 75),
(1050, 14, 75),
(1051, 1, 76),
(1052, 2, 76),
(1053, 3, 76),
(1054, 4, 76),
(1055, 5, 76),
(1056, 6, 76),
(1057, 7, 76),
(1058, 8, 76),
(1059, 9, 76),
(1060, 10, 76),
(1061, 11, 76),
(1062, 12, 76),
(1063, 13, 76),
(1064, 14, 76),
(1065, 1, 77),
(1066, 2, 77),
(1067, 3, 77),
(1068, 4, 77),
(1069, 5, 77),
(1070, 6, 77),
(1071, 7, 77),
(1072, 8, 77),
(1073, 9, 77),
(1074, 10, 77),
(1075, 11, 77),
(1076, 12, 77),
(1077, 13, 77),
(1078, 14, 77),
(1079, 1, 78),
(1080, 2, 78),
(1081, 3, 78),
(1082, 4, 78),
(1083, 5, 78),
(1084, 6, 78),
(1085, 7, 78),
(1086, 8, 78),
(1087, 9, 78),
(1088, 10, 78),
(1089, 11, 78),
(1090, 12, 78),
(1091, 13, 78),
(1092, 14, 78),
(1093, 1, 79),
(1094, 2, 79),
(1095, 3, 79),
(1096, 4, 79),
(1097, 5, 79),
(1098, 6, 79),
(1099, 7, 79),
(1100, 8, 79),
(1101, 9, 79),
(1102, 10, 79),
(1103, 11, 79),
(1104, 12, 79),
(1105, 13, 79),
(1106, 14, 79),
(1107, 1, 80),
(1108, 2, 80),
(1109, 3, 80),
(1110, 4, 80),
(1111, 5, 80),
(1112, 6, 80),
(1113, 7, 80),
(1114, 8, 80),
(1115, 9, 80),
(1116, 10, 80),
(1117, 11, 80),
(1118, 12, 80),
(1119, 13, 80),
(1120, 14, 80),
(1121, 1, 81),
(1122, 2, 81),
(1123, 3, 81),
(1124, 4, 81),
(1125, 5, 81),
(1126, 6, 81),
(1127, 7, 81),
(1128, 8, 81),
(1129, 9, 81),
(1130, 10, 81),
(1131, 11, 81),
(1132, 12, 81),
(1133, 13, 81),
(1134, 14, 81),
(1135, 1, 82),
(1136, 2, 82),
(1137, 3, 82),
(1138, 4, 82),
(1139, 5, 82),
(1140, 6, 82),
(1141, 7, 82),
(1142, 8, 82),
(1143, 9, 82),
(1144, 10, 82),
(1145, 11, 82),
(1146, 12, 82),
(1147, 13, 82),
(1148, 14, 82),
(1149, 1, 83),
(1150, 2, 83),
(1151, 3, 83),
(1152, 4, 83),
(1153, 5, 83),
(1154, 6, 83),
(1155, 7, 83),
(1156, 8, 83),
(1157, 9, 83),
(1158, 10, 83),
(1159, 11, 83),
(1160, 12, 83),
(1161, 13, 83),
(1162, 14, 83),
(1163, 1, 84),
(1164, 2, 84),
(1165, 3, 84),
(1166, 4, 84),
(1167, 5, 84),
(1168, 6, 84),
(1169, 7, 84),
(1170, 8, 84),
(1171, 9, 84),
(1172, 10, 84),
(1173, 11, 84),
(1174, 12, 84),
(1175, 13, 84),
(1176, 14, 84),
(1177, 1, 85),
(1178, 2, 85),
(1179, 3, 85),
(1180, 4, 85),
(1181, 5, 85),
(1182, 6, 85),
(1183, 7, 85),
(1184, 8, 85),
(1185, 9, 85),
(1186, 10, 85),
(1187, 11, 85),
(1188, 12, 85),
(1189, 13, 85),
(1190, 14, 85),
(1191, 1, 86),
(1192, 2, 86),
(1193, 3, 86),
(1194, 4, 86),
(1195, 5, 86),
(1196, 6, 86),
(1197, 7, 86),
(1198, 8, 86),
(1199, 9, 86),
(1200, 10, 86),
(1201, 11, 86),
(1202, 12, 86),
(1203, 13, 86),
(1204, 14, 86),
(1205, 1, 87),
(1206, 2, 87),
(1207, 3, 87),
(1208, 4, 87),
(1209, 5, 87),
(1210, 6, 87),
(1211, 7, 87),
(1212, 8, 87),
(1213, 9, 87),
(1214, 10, 87),
(1215, 11, 87),
(1216, 12, 87),
(1217, 13, 87),
(1218, 14, 87),
(1219, 1, 88),
(1220, 2, 88),
(1221, 3, 88),
(1222, 4, 88),
(1223, 5, 88),
(1224, 6, 88),
(1225, 7, 88),
(1226, 8, 88),
(1227, 9, 88),
(1228, 10, 88),
(1229, 11, 88),
(1230, 12, 88),
(1231, 13, 88),
(1232, 14, 88),
(1233, 1, 89),
(1234, 2, 89),
(1235, 3, 89),
(1236, 4, 89),
(1237, 5, 89),
(1238, 6, 89),
(1239, 7, 89),
(1240, 8, 89),
(1241, 9, 89),
(1242, 10, 89),
(1243, 11, 89),
(1244, 12, 89),
(1245, 13, 89),
(1246, 14, 89),
(1247, 1, 90),
(1248, 2, 90),
(1249, 3, 90),
(1250, 4, 90),
(1251, 5, 90),
(1252, 6, 90),
(1253, 7, 90),
(1254, 8, 90),
(1255, 9, 90),
(1256, 10, 90),
(1257, 11, 90),
(1258, 12, 90),
(1259, 13, 90),
(1260, 14, 90),
(1261, 1, 91),
(1262, 2, 91),
(1263, 3, 91),
(1264, 4, 91),
(1265, 5, 91),
(1266, 6, 91),
(1267, 7, 91),
(1268, 8, 91),
(1269, 9, 91),
(1270, 10, 91),
(1271, 11, 91),
(1272, 12, 91),
(1273, 13, 91),
(1274, 14, 91),
(1275, 1, 92),
(1276, 2, 92),
(1277, 3, 92),
(1278, 4, 92),
(1279, 5, 92),
(1280, 6, 92),
(1281, 7, 92),
(1282, 8, 92),
(1283, 9, 92),
(1284, 10, 92),
(1285, 11, 92),
(1286, 12, 92),
(1287, 13, 92),
(1288, 14, 92),
(1289, 1, 93),
(1290, 2, 93),
(1291, 3, 93),
(1292, 4, 93),
(1293, 5, 93),
(1294, 6, 93),
(1295, 7, 93),
(1296, 8, 93),
(1297, 9, 93),
(1298, 10, 93),
(1299, 11, 93),
(1300, 12, 93),
(1301, 13, 93),
(1302, 14, 93),
(1303, 1, 94),
(1304, 2, 94),
(1305, 3, 94),
(1306, 4, 94),
(1307, 5, 94),
(1308, 6, 94),
(1309, 7, 94),
(1310, 8, 94),
(1311, 9, 94),
(1312, 10, 94),
(1313, 11, 94),
(1314, 12, 94),
(1315, 13, 94),
(1316, 14, 94),
(1317, 1, 95),
(1318, 2, 95),
(1319, 3, 95),
(1320, 4, 95),
(1321, 5, 95),
(1322, 6, 95),
(1323, 7, 95),
(1324, 8, 95),
(1325, 9, 95),
(1326, 10, 95),
(1327, 11, 95),
(1328, 12, 95),
(1329, 13, 95),
(1330, 14, 95),
(1331, 1, 96),
(1332, 2, 96),
(1333, 3, 96),
(1334, 4, 96),
(1335, 5, 96),
(1336, 6, 96),
(1337, 7, 96),
(1338, 8, 96),
(1339, 9, 96),
(1340, 10, 96),
(1341, 11, 96),
(1342, 12, 96),
(1343, 13, 96),
(1344, 14, 96),
(1345, 1, 97),
(1346, 2, 97),
(1347, 3, 97),
(1348, 4, 97),
(1349, 5, 97),
(1350, 6, 97),
(1351, 7, 97),
(1352, 8, 97),
(1353, 9, 97),
(1354, 10, 97),
(1355, 11, 97),
(1356, 12, 97),
(1357, 13, 97),
(1358, 14, 97),
(1359, 1, 98),
(1360, 2, 98),
(1361, 3, 98),
(1362, 4, 98),
(1363, 5, 98),
(1364, 6, 98),
(1365, 7, 98),
(1366, 8, 98),
(1367, 9, 98),
(1368, 10, 98),
(1369, 11, 98),
(1370, 12, 98),
(1371, 13, 98),
(1372, 14, 98),
(1373, 1, 99),
(1374, 2, 99),
(1375, 3, 99),
(1376, 4, 99),
(1377, 5, 99),
(1378, 6, 99),
(1379, 7, 99),
(1380, 8, 99),
(1381, 9, 99),
(1382, 10, 99),
(1383, 11, 99),
(1384, 12, 99),
(1385, 13, 99),
(1386, 14, 99),
(1387, 1, 100),
(1388, 2, 100),
(1389, 3, 100),
(1390, 4, 100),
(1391, 5, 100),
(1392, 6, 100),
(1393, 7, 100),
(1394, 8, 100),
(1395, 9, 100),
(1396, 10, 100),
(1397, 11, 100),
(1398, 12, 100),
(1399, 13, 100),
(1400, 14, 100),
(1401, 1, 101),
(1402, 2, 101),
(1403, 3, 101),
(1404, 4, 101),
(1405, 5, 101),
(1406, 6, 101),
(1407, 7, 101),
(1408, 8, 101),
(1409, 9, 101),
(1410, 10, 101),
(1411, 11, 101),
(1412, 12, 101),
(1413, 13, 101),
(1414, 14, 101),
(1415, 1, 102),
(1416, 2, 102),
(1417, 3, 102),
(1418, 4, 102),
(1419, 5, 102),
(1420, 6, 102),
(1421, 7, 102),
(1422, 8, 102),
(1423, 9, 102),
(1424, 10, 102),
(1425, 11, 102),
(1426, 12, 102),
(1427, 13, 102),
(1428, 14, 102),
(1429, 1, 103),
(1430, 2, 103),
(1431, 3, 103),
(1432, 4, 103),
(1433, 5, 103),
(1434, 6, 103),
(1435, 7, 103),
(1436, 8, 103),
(1437, 9, 103),
(1438, 10, 103),
(1439, 11, 103),
(1440, 12, 103),
(1441, 13, 103),
(1442, 14, 103),
(1443, 1, 104),
(1444, 2, 104),
(1445, 3, 104),
(1446, 4, 104),
(1447, 5, 104),
(1448, 6, 104),
(1449, 7, 104),
(1450, 8, 104),
(1451, 9, 104),
(1452, 10, 104),
(1453, 11, 104),
(1454, 12, 104),
(1455, 13, 104),
(1456, 14, 104),
(1457, 1, 105),
(1458, 2, 105),
(1459, 3, 105),
(1460, 4, 105),
(1461, 5, 105),
(1462, 6, 105),
(1463, 7, 105),
(1464, 8, 105),
(1465, 9, 105),
(1466, 10, 105),
(1467, 11, 105),
(1468, 12, 105),
(1469, 13, 105),
(1470, 14, 105),
(1471, 1, 106),
(1472, 2, 106),
(1473, 3, 106),
(1474, 4, 106),
(1475, 5, 106),
(1476, 6, 106),
(1477, 7, 106),
(1478, 8, 106),
(1479, 9, 106),
(1480, 10, 106),
(1481, 11, 106),
(1482, 12, 106),
(1483, 13, 106),
(1484, 14, 106),
(1485, 1, 107),
(1486, 2, 107),
(1487, 3, 107),
(1488, 4, 107),
(1489, 5, 107),
(1490, 6, 107),
(1491, 7, 107),
(1492, 8, 107),
(1493, 9, 107),
(1494, 10, 107),
(1495, 11, 107),
(1496, 12, 107),
(1497, 13, 107),
(1498, 14, 107),
(1499, 1, 108),
(1500, 2, 108),
(1501, 3, 108),
(1502, 4, 108),
(1503, 5, 108),
(1504, 6, 108),
(1505, 7, 108),
(1506, 8, 108),
(1507, 9, 108),
(1508, 10, 108),
(1509, 11, 108),
(1510, 12, 108),
(1511, 13, 108),
(1512, 14, 108),
(1513, 1, 109),
(1514, 2, 109),
(1515, 3, 109),
(1516, 4, 109),
(1517, 5, 109),
(1518, 6, 109),
(1519, 7, 109),
(1520, 8, 109),
(1521, 9, 109),
(1522, 10, 109),
(1523, 11, 109),
(1524, 12, 109),
(1525, 13, 109),
(1526, 14, 109),
(1527, 1, 110),
(1528, 2, 110),
(1529, 3, 110),
(1530, 4, 110),
(1531, 5, 110),
(1532, 6, 110),
(1533, 7, 110),
(1534, 8, 110),
(1535, 9, 110),
(1536, 10, 110),
(1537, 11, 110),
(1538, 12, 110),
(1539, 13, 110),
(1540, 14, 110),
(1541, 1, 111),
(1542, 2, 111),
(1543, 3, 111),
(1544, 4, 111),
(1545, 5, 111),
(1546, 6, 111),
(1547, 7, 111),
(1548, 8, 111),
(1549, 9, 111),
(1550, 10, 111),
(1551, 11, 111),
(1552, 12, 111),
(1553, 13, 111),
(1554, 14, 111),
(1555, 1, 112),
(1556, 2, 112),
(1557, 3, 112),
(1558, 4, 112),
(1559, 5, 112),
(1560, 6, 112),
(1561, 7, 112),
(1562, 8, 112),
(1563, 9, 112),
(1564, 10, 112),
(1565, 11, 112),
(1566, 12, 112),
(1567, 13, 112),
(1568, 14, 112),
(1569, 1, 113),
(1570, 2, 113),
(1571, 3, 113),
(1572, 4, 113),
(1573, 5, 113),
(1574, 6, 113),
(1575, 7, 113),
(1576, 8, 113),
(1577, 9, 113),
(1578, 10, 113),
(1579, 11, 113),
(1580, 12, 113),
(1581, 13, 113),
(1582, 14, 113),
(1583, 1, 114),
(1584, 2, 114),
(1585, 3, 114),
(1586, 4, 114),
(1587, 5, 114),
(1588, 6, 114),
(1589, 7, 114),
(1590, 8, 114),
(1591, 9, 114),
(1592, 10, 114),
(1593, 11, 114),
(1594, 12, 114),
(1595, 13, 114),
(1596, 14, 114),
(1597, 1, 115),
(1598, 2, 115),
(1599, 3, 115),
(1600, 4, 115),
(1601, 5, 115),
(1602, 6, 115),
(1603, 7, 115),
(1604, 8, 115),
(1605, 9, 115),
(1606, 10, 115),
(1607, 11, 115),
(1608, 12, 115),
(1609, 13, 115),
(1610, 14, 115),
(1611, 1, 116),
(1612, 2, 116),
(1613, 3, 116),
(1614, 4, 116),
(1615, 5, 116),
(1616, 6, 116),
(1617, 7, 116),
(1618, 8, 116),
(1619, 9, 116),
(1620, 10, 116),
(1621, 11, 116),
(1622, 12, 116),
(1623, 13, 116),
(1624, 14, 116),
(1625, 1, 117),
(1626, 2, 117),
(1627, 3, 117),
(1628, 4, 117),
(1629, 5, 117),
(1630, 6, 117),
(1631, 7, 117),
(1632, 8, 117),
(1633, 9, 117),
(1634, 10, 117),
(1635, 11, 117),
(1636, 12, 117),
(1637, 13, 117),
(1638, 14, 117),
(1639, 1, 118),
(1640, 2, 118),
(1641, 3, 118),
(1642, 4, 118),
(1643, 5, 118),
(1644, 6, 118),
(1645, 7, 118),
(1646, 8, 118),
(1647, 9, 118),
(1648, 10, 118),
(1649, 11, 118),
(1650, 12, 118),
(1651, 13, 118),
(1652, 14, 118),
(1653, 1, 119),
(1654, 2, 119),
(1655, 3, 119),
(1656, 4, 119),
(1657, 5, 119),
(1658, 6, 119),
(1659, 7, 119),
(1660, 8, 119),
(1661, 9, 119),
(1662, 10, 119),
(1663, 11, 119),
(1664, 12, 119),
(1665, 13, 119),
(1666, 14, 119),
(1667, 1, 120),
(1668, 2, 120),
(1669, 3, 120),
(1670, 4, 120),
(1671, 5, 120),
(1672, 6, 120),
(1673, 7, 120),
(1674, 8, 120),
(1675, 9, 120),
(1676, 10, 120),
(1677, 11, 120),
(1678, 12, 120),
(1679, 13, 120),
(1680, 14, 120),
(1681, 1, 121),
(1682, 2, 121),
(1683, 3, 121),
(1684, 4, 121),
(1685, 5, 121),
(1686, 6, 121),
(1687, 7, 121),
(1688, 8, 121),
(1689, 9, 121),
(1690, 10, 121),
(1691, 11, 121),
(1692, 12, 121),
(1693, 13, 121),
(1694, 14, 121),
(1695, 1, 122),
(1696, 2, 122),
(1697, 3, 122),
(1698, 4, 122),
(1699, 5, 122),
(1700, 6, 122),
(1701, 7, 122),
(1702, 8, 122),
(1703, 9, 122),
(1704, 10, 122),
(1705, 11, 122),
(1706, 12, 122),
(1707, 13, 122),
(1708, 14, 122),
(1709, 1, 123),
(1710, 2, 123),
(1711, 3, 123),
(1712, 4, 123),
(1713, 5, 123),
(1714, 6, 123),
(1715, 7, 123),
(1716, 8, 123),
(1717, 9, 123),
(1718, 10, 123),
(1719, 11, 123),
(1720, 12, 123),
(1721, 13, 123),
(1722, 14, 123),
(1723, 1, 124),
(1724, 2, 124),
(1725, 3, 124),
(1726, 4, 124),
(1727, 5, 124),
(1728, 6, 124),
(1729, 7, 124),
(1730, 8, 124),
(1731, 9, 124),
(1732, 10, 124),
(1733, 11, 124),
(1734, 12, 124),
(1735, 13, 124),
(1736, 14, 124),
(1737, 1, 125),
(1738, 2, 125),
(1739, 3, 125),
(1740, 4, 125),
(1741, 5, 125),
(1742, 6, 125),
(1743, 7, 125),
(1744, 8, 125),
(1745, 9, 125),
(1746, 10, 125),
(1747, 11, 125),
(1748, 12, 125),
(1749, 13, 125),
(1750, 14, 125),
(1751, 1, 126),
(1752, 2, 126),
(1753, 3, 126),
(1754, 4, 126),
(1755, 5, 126),
(1756, 6, 126),
(1757, 7, 126),
(1758, 8, 126),
(1759, 9, 126),
(1760, 10, 126),
(1761, 11, 126),
(1762, 12, 126),
(1763, 13, 126),
(1764, 14, 126),
(1765, 1, 127),
(1766, 2, 127),
(1767, 3, 127),
(1768, 4, 127),
(1769, 5, 127),
(1770, 6, 127),
(1771, 7, 127),
(1772, 8, 127),
(1773, 9, 127),
(1774, 10, 127),
(1775, 11, 127),
(1776, 12, 127),
(1777, 13, 127),
(1778, 14, 127),
(1779, 1, 128),
(1780, 2, 128),
(1781, 3, 128),
(1782, 4, 128),
(1783, 5, 128),
(1784, 6, 128),
(1785, 7, 128),
(1786, 8, 128),
(1787, 9, 128),
(1788, 10, 128),
(1789, 11, 128),
(1790, 12, 128),
(1791, 13, 128),
(1792, 14, 128),
(1793, 1, 129),
(1794, 2, 129),
(1795, 3, 129),
(1796, 4, 129),
(1797, 5, 129),
(1798, 6, 129),
(1799, 7, 129),
(1800, 8, 129),
(1801, 9, 129),
(1802, 10, 129),
(1803, 11, 129),
(1804, 12, 129),
(1805, 13, 129),
(1806, 14, 129),
(1807, 1, 130),
(1808, 2, 130),
(1809, 3, 130),
(1810, 4, 130),
(1811, 5, 130),
(1812, 6, 130),
(1813, 7, 130),
(1814, 8, 130),
(1815, 9, 130),
(1816, 10, 130),
(1817, 11, 130),
(1818, 12, 130),
(1819, 13, 130),
(1820, 14, 130),
(1821, 1, 131),
(1822, 2, 131),
(1823, 3, 131),
(1824, 4, 131),
(1825, 5, 131),
(1826, 6, 131),
(1827, 7, 131),
(1828, 8, 131),
(1829, 9, 131),
(1830, 10, 131),
(1831, 11, 131),
(1832, 12, 131),
(1833, 13, 131),
(1834, 14, 131),
(1835, 1, 132),
(1836, 2, 132),
(1837, 3, 132),
(1838, 4, 132),
(1839, 5, 132),
(1840, 6, 132),
(1841, 7, 132),
(1842, 8, 132),
(1843, 9, 132),
(1844, 10, 132),
(1845, 11, 132),
(1846, 12, 132),
(1847, 13, 132),
(1848, 14, 132),
(1849, 1, 133),
(1850, 2, 133),
(1851, 3, 133),
(1852, 4, 133),
(1853, 5, 133),
(1854, 6, 133),
(1855, 7, 133),
(1856, 8, 133),
(1857, 9, 133),
(1858, 10, 133),
(1859, 11, 133),
(1860, 12, 133),
(1861, 13, 133),
(1862, 14, 133),
(1863, 1, 134),
(1864, 2, 134),
(1865, 3, 134),
(1866, 4, 134),
(1867, 5, 134),
(1868, 6, 134),
(1869, 7, 134),
(1870, 8, 134),
(1871, 9, 134),
(1872, 10, 134),
(1873, 11, 134),
(1874, 12, 134),
(1875, 13, 134),
(1876, 14, 134),
(1877, 1, 135),
(1878, 2, 135),
(1879, 3, 135),
(1880, 4, 135),
(1881, 5, 135),
(1882, 6, 135),
(1883, 7, 135),
(1884, 8, 135),
(1885, 9, 135),
(1886, 10, 135),
(1887, 11, 135),
(1888, 12, 135),
(1889, 13, 135),
(1890, 14, 135),
(1891, 1, 136),
(1892, 2, 136),
(1893, 3, 136),
(1894, 4, 136),
(1895, 5, 136),
(1896, 6, 136),
(1897, 7, 136),
(1898, 8, 136),
(1899, 9, 136),
(1900, 10, 136),
(1901, 11, 136),
(1902, 12, 136),
(1903, 13, 136),
(1904, 14, 136),
(1905, 1, 137),
(1906, 2, 137),
(1907, 3, 137),
(1908, 4, 137),
(1909, 5, 137),
(1910, 6, 137),
(1911, 7, 137),
(1912, 8, 137),
(1913, 9, 137),
(1914, 10, 137),
(1915, 11, 137),
(1916, 12, 137),
(1917, 13, 137),
(1918, 14, 137),
(1919, 1, 138),
(1920, 2, 138),
(1921, 3, 138),
(1922, 4, 138),
(1923, 5, 138),
(1924, 6, 138),
(1925, 7, 138),
(1926, 8, 138),
(1927, 9, 138),
(1928, 10, 138),
(1929, 11, 138),
(1930, 12, 138),
(1931, 13, 138),
(1932, 14, 138),
(1933, 1, 139),
(1934, 2, 139),
(1935, 3, 139),
(1936, 4, 139),
(1937, 5, 139),
(1938, 6, 139),
(1939, 7, 139),
(1940, 8, 139),
(1941, 9, 139),
(1942, 10, 139),
(1943, 11, 139),
(1944, 12, 139),
(1945, 13, 139),
(1946, 14, 139),
(1947, 1, 140),
(1948, 2, 140),
(1949, 3, 140),
(1950, 4, 140),
(1951, 5, 140),
(1952, 6, 140),
(1953, 7, 140),
(1954, 8, 140),
(1955, 9, 140),
(1956, 10, 140),
(1957, 11, 140),
(1958, 12, 140),
(1959, 13, 140),
(1960, 14, 140),
(1961, 1, 141),
(1962, 2, 141),
(1963, 3, 141),
(1964, 4, 141),
(1965, 5, 141),
(1966, 6, 141),
(1967, 7, 141),
(1968, 8, 141),
(1969, 9, 141),
(1970, 10, 141),
(1971, 11, 141),
(1972, 12, 141),
(1973, 13, 141),
(1974, 14, 141),
(1975, 1, 142),
(1976, 2, 142),
(1977, 3, 142),
(1978, 4, 142),
(1979, 5, 142),
(1980, 6, 142),
(1981, 7, 142),
(1982, 8, 142),
(1983, 9, 142),
(1984, 10, 142),
(1985, 11, 142),
(1986, 12, 142),
(1987, 13, 142),
(1988, 14, 142),
(1989, 1, 143),
(1990, 2, 143),
(1991, 3, 143),
(1992, 4, 143),
(1993, 5, 143),
(1994, 6, 143),
(1995, 7, 143),
(1996, 8, 143),
(1997, 9, 143),
(1998, 10, 143),
(1999, 11, 143),
(2000, 12, 143),
(2001, 13, 143),
(2002, 14, 143),
(2003, 1, 144),
(2004, 2, 144),
(2005, 3, 144),
(2006, 4, 144),
(2007, 5, 144),
(2008, 6, 144),
(2009, 7, 144),
(2010, 8, 144),
(2011, 9, 144),
(2012, 10, 144),
(2013, 11, 144),
(2014, 12, 144),
(2015, 13, 144),
(2016, 14, 144),
(2017, 1, 145),
(2018, 2, 145),
(2019, 3, 145),
(2020, 4, 145),
(2021, 5, 145),
(2022, 6, 145),
(2023, 7, 145),
(2024, 8, 145),
(2025, 9, 145),
(2026, 10, 145),
(2027, 11, 145),
(2028, 12, 145),
(2029, 13, 145),
(2030, 14, 145),
(2031, 1, 146),
(2032, 2, 146),
(2033, 3, 146),
(2034, 4, 146),
(2035, 5, 146),
(2036, 6, 146),
(2037, 7, 146),
(2038, 8, 146),
(2039, 9, 146),
(2040, 10, 146),
(2041, 11, 146),
(2042, 12, 146),
(2043, 13, 146),
(2044, 14, 146),
(2045, 1, 147),
(2046, 2, 147),
(2047, 3, 147),
(2048, 4, 147),
(2049, 5, 147),
(2050, 6, 147),
(2051, 7, 147),
(2052, 8, 147),
(2053, 9, 147),
(2054, 10, 147),
(2055, 11, 147),
(2056, 12, 147),
(2057, 13, 147),
(2058, 14, 147),
(2059, 1, 148),
(2060, 2, 148),
(2061, 3, 148),
(2062, 4, 148),
(2063, 5, 148),
(2064, 6, 148),
(2065, 7, 148),
(2066, 8, 148),
(2067, 9, 148),
(2068, 10, 148),
(2069, 11, 148),
(2070, 12, 148),
(2071, 13, 148),
(2072, 14, 148),
(2073, 1, 149),
(2074, 2, 149),
(2075, 3, 149),
(2076, 4, 149),
(2077, 5, 149),
(2078, 6, 149),
(2079, 7, 149),
(2080, 8, 149),
(2081, 9, 149),
(2082, 10, 149),
(2083, 11, 149),
(2084, 12, 149),
(2085, 13, 149),
(2086, 14, 149),
(2087, 1, 150),
(2088, 2, 150),
(2089, 3, 150),
(2090, 4, 150),
(2091, 5, 150),
(2092, 6, 150),
(2093, 7, 150),
(2094, 8, 150),
(2095, 9, 150),
(2096, 10, 150),
(2097, 11, 150),
(2098, 12, 150),
(2099, 13, 150),
(2100, 14, 150),
(2101, 1, 151),
(2102, 2, 151),
(2103, 3, 151),
(2104, 4, 151),
(2105, 5, 151),
(2106, 6, 151),
(2107, 7, 151),
(2108, 8, 151),
(2109, 9, 151),
(2110, 10, 151),
(2111, 11, 151),
(2112, 12, 151),
(2113, 13, 151),
(2114, 14, 151),
(2115, 1, 152),
(2116, 2, 152),
(2117, 3, 152),
(2118, 4, 152),
(2119, 5, 152),
(2120, 6, 152),
(2121, 7, 152),
(2122, 8, 152),
(2123, 9, 152),
(2124, 10, 152),
(2125, 11, 152),
(2126, 12, 152),
(2127, 13, 152),
(2128, 14, 152),
(2129, 1, 153),
(2130, 2, 153),
(2131, 3, 153),
(2132, 4, 153),
(2133, 5, 153),
(2134, 6, 153),
(2135, 7, 153),
(2136, 8, 153),
(2137, 9, 153),
(2138, 10, 153),
(2139, 11, 153),
(2140, 12, 153),
(2141, 13, 153),
(2142, 14, 153),
(2143, 1, 154),
(2144, 2, 154),
(2145, 3, 154),
(2146, 4, 154),
(2147, 5, 154),
(2148, 6, 154),
(2149, 7, 154),
(2150, 8, 154),
(2151, 9, 154),
(2152, 10, 154),
(2153, 11, 154),
(2154, 12, 154),
(2155, 13, 154),
(2156, 14, 154),
(2157, 1, 155),
(2158, 2, 155),
(2159, 3, 155),
(2160, 4, 155),
(2161, 5, 155),
(2162, 6, 155),
(2163, 7, 155),
(2164, 8, 155),
(2165, 9, 155),
(2166, 10, 155),
(2167, 11, 155),
(2168, 12, 155),
(2169, 13, 155),
(2170, 14, 155),
(2171, 1, 156),
(2172, 2, 156),
(2173, 3, 156),
(2174, 4, 156),
(2175, 5, 156),
(2176, 6, 156),
(2177, 7, 156),
(2178, 8, 156),
(2179, 9, 156),
(2180, 10, 156),
(2181, 11, 156),
(2182, 12, 156),
(2183, 13, 156),
(2184, 14, 156),
(2185, 1, 157),
(2186, 2, 157),
(2187, 3, 157),
(2188, 4, 157),
(2189, 5, 157),
(2190, 6, 157),
(2191, 7, 157),
(2192, 8, 157),
(2193, 9, 157),
(2194, 10, 157),
(2195, 11, 157),
(2196, 12, 157),
(2197, 13, 157),
(2198, 14, 157),
(2199, 1, 158),
(2200, 2, 158),
(2201, 3, 158),
(2202, 4, 158),
(2203, 5, 158),
(2204, 6, 158),
(2205, 7, 158),
(2206, 8, 158),
(2207, 9, 158),
(2208, 10, 158),
(2209, 11, 158),
(2210, 12, 158),
(2211, 13, 158),
(2212, 14, 158),
(2213, 1, 159),
(2214, 2, 159),
(2215, 3, 159),
(2216, 4, 159),
(2217, 5, 159),
(2218, 6, 159),
(2219, 7, 159),
(2220, 8, 159),
(2221, 9, 159),
(2222, 10, 159),
(2223, 11, 159),
(2224, 12, 159),
(2225, 13, 159),
(2226, 14, 159),
(2227, 1, 160),
(2228, 2, 160),
(2229, 3, 160),
(2230, 4, 160),
(2231, 5, 160),
(2232, 6, 160),
(2233, 7, 160),
(2234, 8, 160),
(2235, 9, 160),
(2236, 10, 160),
(2237, 11, 160),
(2238, 12, 160),
(2239, 13, 160),
(2240, 14, 160),
(2241, 1, 161),
(2242, 2, 161),
(2243, 3, 161),
(2244, 4, 161),
(2245, 5, 161),
(2246, 6, 161),
(2247, 7, 161),
(2248, 8, 161),
(2249, 9, 161),
(2250, 10, 161),
(2251, 11, 161),
(2252, 12, 161),
(2253, 13, 161),
(2254, 14, 161),
(2255, 1, 162),
(2256, 2, 162),
(2257, 3, 162),
(2258, 4, 162),
(2259, 5, 162),
(2260, 6, 162),
(2261, 7, 162),
(2262, 8, 162),
(2263, 9, 162),
(2264, 10, 162),
(2265, 11, 162),
(2266, 12, 162),
(2267, 13, 162),
(2268, 14, 162),
(2269, 1, 163),
(2270, 2, 163),
(2271, 3, 163),
(2272, 4, 163),
(2273, 5, 163),
(2274, 6, 163),
(2275, 7, 163),
(2276, 8, 163),
(2277, 9, 163),
(2278, 10, 163),
(2279, 11, 163),
(2280, 12, 163),
(2281, 13, 163),
(2282, 14, 163),
(2283, 1, 164),
(2284, 2, 164),
(2285, 3, 164),
(2286, 4, 164),
(2287, 5, 164),
(2288, 6, 164),
(2289, 7, 164),
(2290, 8, 164),
(2291, 9, 164),
(2292, 10, 164),
(2293, 11, 164),
(2294, 12, 164),
(2295, 13, 164),
(2296, 14, 164),
(2297, 1, 165),
(2298, 2, 165),
(2299, 3, 165),
(2300, 4, 165),
(2301, 5, 165),
(2302, 6, 165),
(2303, 7, 165),
(2304, 8, 165),
(2305, 9, 165),
(2306, 10, 165),
(2307, 11, 165),
(2308, 12, 165),
(2309, 13, 165),
(2310, 14, 165),
(2311, 1, 166),
(2312, 2, 166),
(2313, 3, 166),
(2314, 4, 166),
(2315, 5, 166),
(2316, 6, 166),
(2317, 7, 166),
(2318, 8, 166),
(2319, 9, 166),
(2320, 10, 166),
(2321, 11, 166),
(2322, 12, 166),
(2323, 13, 166),
(2324, 14, 166),
(2325, 1, 167),
(2326, 2, 167),
(2327, 3, 167),
(2328, 4, 167),
(2329, 5, 167),
(2330, 6, 167),
(2331, 7, 167),
(2332, 8, 167),
(2333, 9, 167),
(2334, 10, 167),
(2335, 11, 167),
(2336, 12, 167),
(2337, 13, 167),
(2338, 14, 167),
(2339, 1, 168),
(2340, 2, 168),
(2341, 3, 168),
(2342, 4, 168),
(2343, 5, 168),
(2344, 6, 168),
(2345, 7, 168),
(2346, 8, 168),
(2347, 9, 168),
(2348, 10, 168),
(2349, 11, 168),
(2350, 12, 168),
(2351, 13, 168),
(2352, 14, 168),
(2353, 1, 169),
(2354, 2, 169),
(2355, 3, 169),
(2356, 4, 169),
(2357, 5, 169),
(2358, 6, 169),
(2359, 7, 169),
(2360, 8, 169),
(2361, 9, 169),
(2362, 10, 169),
(2363, 11, 169),
(2364, 12, 169),
(2365, 13, 169),
(2366, 14, 169),
(2367, 1, 170),
(2368, 2, 170),
(2369, 3, 170),
(2370, 4, 170),
(2371, 5, 170),
(2372, 6, 170),
(2373, 7, 170),
(2374, 8, 170),
(2375, 9, 170),
(2376, 10, 170),
(2377, 11, 170),
(2378, 12, 170),
(2379, 13, 170),
(2380, 14, 170),
(2381, 1, 171),
(2382, 2, 171),
(2383, 3, 171),
(2384, 4, 171),
(2385, 5, 171),
(2386, 6, 171),
(2387, 7, 171),
(2388, 8, 171),
(2389, 9, 171),
(2390, 10, 171),
(2391, 11, 171),
(2392, 12, 171),
(2393, 13, 171),
(2394, 14, 171),
(2395, 1, 172),
(2396, 2, 172),
(2397, 3, 172),
(2398, 4, 172),
(2399, 5, 172),
(2400, 6, 172),
(2401, 7, 172),
(2402, 8, 172),
(2403, 9, 172),
(2404, 10, 172),
(2405, 11, 172),
(2406, 12, 172),
(2407, 13, 172),
(2408, 14, 172),
(2409, 1, 173),
(2410, 2, 173),
(2411, 3, 173),
(2412, 4, 173),
(2413, 5, 173),
(2414, 6, 173),
(2415, 7, 173),
(2416, 8, 173),
(2417, 9, 173),
(2418, 10, 173),
(2419, 11, 173),
(2420, 12, 173),
(2421, 13, 173),
(2422, 14, 173),
(2423, 1, 174),
(2424, 2, 174),
(2425, 3, 174),
(2426, 4, 174),
(2427, 5, 174),
(2428, 6, 174),
(2429, 7, 174),
(2430, 8, 174),
(2431, 9, 174),
(2432, 10, 174),
(2433, 11, 174),
(2434, 12, 174),
(2435, 13, 174),
(2436, 14, 174),
(2437, 1, 175),
(2438, 2, 175),
(2439, 3, 175),
(2440, 4, 175),
(2441, 5, 175),
(2442, 6, 175),
(2443, 7, 175),
(2444, 8, 175),
(2445, 9, 175),
(2446, 10, 175),
(2447, 11, 175),
(2448, 12, 175),
(2449, 13, 175),
(2450, 14, 175),
(2451, 1, 176),
(2452, 2, 176),
(2453, 3, 176),
(2454, 4, 176),
(2455, 5, 176),
(2456, 6, 176),
(2457, 7, 176),
(2458, 8, 176),
(2459, 9, 176),
(2460, 10, 176),
(2461, 11, 176),
(2462, 12, 176),
(2463, 13, 176),
(2464, 14, 176),
(2465, 1, 177),
(2466, 2, 177),
(2467, 3, 177),
(2468, 4, 177),
(2469, 5, 177),
(2470, 6, 177),
(2471, 7, 177),
(2472, 8, 177),
(2473, 9, 177),
(2474, 10, 177),
(2475, 11, 177),
(2476, 12, 177),
(2477, 13, 177),
(2478, 14, 177),
(2479, 1, 178),
(2480, 2, 178),
(2481, 3, 178),
(2482, 4, 178),
(2483, 5, 178),
(2484, 6, 178),
(2485, 7, 178),
(2486, 8, 178),
(2487, 9, 178),
(2488, 10, 178),
(2489, 11, 178),
(2490, 12, 178),
(2491, 13, 178),
(2492, 14, 178),
(2493, 1, 179),
(2494, 2, 179),
(2495, 3, 179),
(2496, 4, 179),
(2497, 5, 179),
(2498, 6, 179),
(2499, 7, 179),
(2500, 8, 179),
(2501, 9, 179),
(2502, 10, 179),
(2503, 11, 179),
(2504, 12, 179),
(2505, 13, 179),
(2506, 14, 179),
(2507, 1, 180),
(2508, 2, 180),
(2509, 3, 180),
(2510, 4, 180),
(2511, 5, 180),
(2512, 6, 180),
(2513, 7, 180),
(2514, 8, 180),
(2515, 9, 180),
(2516, 10, 180),
(2517, 11, 180),
(2518, 12, 180),
(2519, 13, 180),
(2520, 14, 180),
(2521, 1, 181),
(2522, 2, 181),
(2523, 3, 181),
(2524, 4, 181),
(2525, 5, 181),
(2526, 6, 181),
(2527, 7, 181),
(2528, 8, 181),
(2529, 9, 181),
(2530, 10, 181),
(2531, 11, 181),
(2532, 12, 181),
(2533, 13, 181),
(2534, 14, 181),
(2535, 1, 182),
(2536, 2, 182),
(2537, 3, 182),
(2538, 4, 182),
(2539, 5, 182),
(2540, 6, 182),
(2541, 7, 182),
(2542, 8, 182),
(2543, 9, 182),
(2544, 10, 182),
(2545, 11, 182),
(2546, 12, 182),
(2547, 13, 182),
(2548, 14, 182),
(2549, 1, 183),
(2550, 2, 183),
(2551, 3, 183),
(2552, 4, 183),
(2553, 5, 183),
(2554, 6, 183),
(2555, 7, 183),
(2556, 8, 183),
(2557, 9, 183),
(2558, 10, 183),
(2559, 11, 183),
(2560, 12, 183),
(2561, 13, 183),
(2562, 14, 183),
(2563, 1, 184),
(2564, 2, 184),
(2565, 3, 184),
(2566, 4, 184),
(2567, 5, 184),
(2568, 6, 184),
(2569, 7, 184),
(2570, 8, 184),
(2571, 9, 184),
(2572, 10, 184),
(2573, 11, 184),
(2574, 12, 184),
(2575, 13, 184),
(2576, 14, 184),
(2577, 1, 185),
(2578, 2, 185),
(2579, 3, 185),
(2580, 4, 185),
(2581, 5, 185),
(2582, 6, 185),
(2583, 7, 185),
(2584, 8, 185),
(2585, 9, 185),
(2586, 10, 185),
(2587, 11, 185),
(2588, 12, 185),
(2589, 13, 185),
(2590, 14, 185),
(2591, 1, 186),
(2592, 2, 186),
(2593, 3, 186),
(2594, 4, 186),
(2595, 5, 186),
(2596, 6, 186),
(2597, 7, 186),
(2598, 8, 186),
(2599, 9, 186),
(2600, 10, 186),
(2601, 11, 186),
(2602, 12, 186),
(2603, 13, 186),
(2604, 14, 186),
(2605, 1, 187),
(2606, 2, 187),
(2607, 3, 187),
(2608, 4, 187),
(2609, 5, 187),
(2610, 6, 187),
(2611, 7, 187),
(2612, 8, 187),
(2613, 9, 187),
(2614, 10, 187),
(2615, 11, 187),
(2616, 12, 187),
(2617, 13, 187),
(2618, 14, 187),
(2619, 1, 188),
(2620, 2, 188),
(2621, 3, 188),
(2622, 4, 188),
(2623, 5, 188),
(2624, 6, 188),
(2625, 7, 188),
(2626, 8, 188),
(2627, 9, 188),
(2628, 10, 188),
(2629, 11, 188),
(2630, 12, 188),
(2631, 13, 188),
(2632, 14, 188),
(2633, 1, 189),
(2634, 2, 189),
(2635, 3, 189),
(2636, 4, 189),
(2637, 5, 189),
(2638, 6, 189),
(2639, 7, 189),
(2640, 8, 189),
(2641, 9, 189),
(2642, 10, 189),
(2643, 11, 189),
(2644, 12, 189),
(2645, 13, 189),
(2646, 14, 189),
(2647, 1, 190),
(2648, 2, 190),
(2649, 3, 190),
(2650, 4, 190),
(2651, 5, 190),
(2652, 6, 190),
(2653, 7, 190),
(2654, 8, 190),
(2655, 9, 190),
(2656, 10, 190),
(2657, 11, 190),
(2658, 12, 190),
(2659, 13, 190),
(2660, 14, 190),
(2661, 1, 191),
(2662, 2, 191),
(2663, 3, 191),
(2664, 4, 191),
(2665, 5, 191),
(2666, 6, 191),
(2667, 7, 191),
(2668, 8, 191),
(2669, 9, 191),
(2670, 10, 191),
(2671, 11, 191),
(2672, 12, 191),
(2673, 13, 191),
(2674, 14, 191),
(2675, 1, 192),
(2676, 2, 192),
(2677, 3, 192),
(2678, 4, 192),
(2679, 5, 192),
(2680, 6, 192),
(2681, 7, 192),
(2682, 8, 192),
(2683, 9, 192),
(2684, 10, 192),
(2685, 11, 192),
(2686, 12, 192),
(2687, 13, 192),
(2688, 14, 192),
(2689, 1, 193),
(2690, 2, 193),
(2691, 3, 193),
(2692, 4, 193),
(2693, 5, 193),
(2694, 6, 193),
(2695, 7, 193),
(2696, 8, 193),
(2697, 9, 193),
(2698, 10, 193),
(2699, 11, 193),
(2700, 12, 193),
(2701, 13, 193),
(2702, 14, 193),
(2703, 1, 194),
(2704, 2, 194),
(2705, 3, 194),
(2706, 4, 194),
(2707, 5, 194),
(2708, 6, 194),
(2709, 7, 194),
(2710, 8, 194),
(2711, 9, 194),
(2712, 10, 194),
(2713, 11, 194),
(2714, 12, 194),
(2715, 13, 194),
(2716, 14, 194),
(2717, 1, 195),
(2718, 2, 195),
(2719, 3, 195),
(2720, 4, 195),
(2721, 5, 195),
(2722, 6, 195),
(2723, 7, 195),
(2724, 8, 195),
(2725, 9, 195),
(2726, 10, 195),
(2727, 11, 195),
(2728, 12, 195),
(2729, 13, 195),
(2730, 14, 195),
(2731, 1, 196),
(2732, 2, 196),
(2733, 3, 196),
(2734, 4, 196),
(2735, 5, 196),
(2736, 6, 196),
(2737, 7, 196),
(2738, 8, 196),
(2739, 9, 196),
(2740, 10, 196),
(2741, 11, 196),
(2742, 12, 196),
(2743, 13, 196),
(2744, 14, 196),
(2745, 1, 197),
(2746, 2, 197),
(2747, 3, 197),
(2748, 4, 197),
(2749, 5, 197),
(2750, 6, 197),
(2751, 7, 197),
(2752, 8, 197),
(2753, 9, 197),
(2754, 10, 197),
(2755, 11, 197),
(2756, 12, 197),
(2757, 13, 197),
(2758, 14, 197),
(2759, 1, 198),
(2760, 2, 198),
(2761, 3, 198),
(2762, 4, 198),
(2763, 5, 198),
(2764, 6, 198),
(2765, 7, 198),
(2766, 8, 198),
(2767, 9, 198),
(2768, 10, 198),
(2769, 11, 198),
(2770, 12, 198),
(2771, 13, 198),
(2772, 14, 198),
(2773, 1, 199),
(2774, 2, 199),
(2775, 3, 199),
(2776, 4, 199),
(2777, 5, 199),
(2778, 6, 199),
(2779, 7, 199),
(2780, 8, 199),
(2781, 9, 199),
(2782, 10, 199),
(2783, 11, 199),
(2784, 12, 199),
(2785, 13, 199),
(2786, 14, 199),
(2787, 1, 200),
(2788, 2, 200),
(2789, 3, 200),
(2790, 4, 200),
(2791, 5, 200),
(2792, 6, 200),
(2793, 7, 200),
(2794, 8, 200),
(2795, 9, 200),
(2796, 10, 200),
(2797, 11, 200),
(2798, 12, 200),
(2799, 13, 200),
(2800, 14, 200),
(2801, 1, 201),
(2802, 2, 201),
(2803, 3, 201),
(2804, 4, 201),
(2805, 5, 201),
(2806, 6, 201),
(2807, 7, 201),
(2808, 8, 201),
(2809, 9, 201),
(2810, 10, 201),
(2811, 11, 201),
(2812, 12, 201),
(2813, 13, 201),
(2814, 14, 201),
(2815, 1, 202),
(2816, 2, 202),
(2817, 3, 202),
(2818, 4, 202),
(2819, 5, 202),
(2820, 6, 202),
(2821, 7, 202),
(2822, 8, 202),
(2823, 9, 202),
(2824, 10, 202),
(2825, 11, 202),
(2826, 12, 202),
(2827, 13, 202),
(2828, 14, 202),
(2829, 1, 203),
(2830, 2, 203),
(2831, 3, 203),
(2832, 4, 203),
(2833, 5, 203),
(2834, 6, 203),
(2835, 7, 203),
(2836, 8, 203),
(2837, 9, 203),
(2838, 10, 203),
(2839, 11, 203),
(2840, 12, 203),
(2841, 13, 203),
(2842, 14, 203),
(2843, 1, 204),
(2844, 2, 204),
(2845, 3, 204),
(2846, 4, 204),
(2847, 5, 204),
(2848, 6, 204),
(2849, 7, 204),
(2850, 8, 204),
(2851, 9, 204),
(2852, 10, 204),
(2853, 11, 204),
(2854, 12, 204),
(2855, 13, 204),
(2856, 14, 204),
(2857, 1, 205),
(2858, 2, 205),
(2859, 3, 205),
(2860, 4, 205),
(2861, 5, 205),
(2862, 6, 205),
(2863, 7, 205),
(2864, 8, 205),
(2865, 9, 205),
(2866, 10, 205),
(2867, 11, 205),
(2868, 12, 205),
(2869, 13, 205),
(2870, 14, 205),
(2871, 1, 206),
(2872, 2, 206),
(2873, 3, 206),
(2874, 4, 206),
(2875, 5, 206),
(2876, 6, 206),
(2877, 7, 206),
(2878, 8, 206),
(2879, 9, 206),
(2880, 10, 206),
(2881, 11, 206),
(2882, 12, 206),
(2883, 13, 206),
(2884, 14, 206),
(2885, 1, 207),
(2886, 2, 207),
(2887, 3, 207),
(2888, 4, 207),
(2889, 5, 207),
(2890, 6, 207),
(2891, 7, 207),
(2892, 8, 207),
(2893, 9, 207),
(2894, 10, 207),
(2895, 11, 207),
(2896, 12, 207),
(2897, 13, 207),
(2898, 14, 207),
(2899, 1, 208),
(2900, 2, 208),
(2901, 3, 208),
(2902, 4, 208),
(2903, 5, 208),
(2904, 6, 208),
(2905, 7, 208),
(2906, 8, 208),
(2907, 9, 208),
(2908, 10, 208),
(2909, 11, 208),
(2910, 12, 208),
(2911, 13, 208),
(2912, 14, 208),
(2913, 1, 209),
(2914, 2, 209),
(2915, 3, 209),
(2916, 4, 209),
(2917, 5, 209),
(2918, 6, 209),
(2919, 7, 209),
(2920, 8, 209),
(2921, 9, 209),
(2922, 10, 209),
(2923, 11, 209),
(2924, 12, 209),
(2925, 13, 209),
(2926, 14, 209),
(2927, 1, 210),
(2928, 2, 210),
(2929, 3, 210),
(2930, 4, 210),
(2931, 5, 210),
(2932, 6, 210),
(2933, 7, 210),
(2934, 8, 210),
(2935, 9, 210),
(2936, 10, 210),
(2937, 11, 210),
(2938, 12, 210),
(2939, 13, 210),
(2940, 14, 210),
(2941, 1, 211),
(2942, 2, 211),
(2943, 3, 211),
(2944, 4, 211),
(2945, 5, 211),
(2946, 6, 211),
(2947, 7, 211),
(2948, 8, 211),
(2949, 9, 211),
(2950, 10, 211),
(2951, 11, 211),
(2952, 12, 211),
(2953, 13, 211),
(2954, 14, 211),
(2955, 1, 212),
(2956, 2, 212),
(2957, 3, 212),
(2958, 4, 212),
(2959, 5, 212),
(2960, 6, 212),
(2961, 7, 212),
(2962, 8, 212),
(2963, 9, 212),
(2964, 10, 212),
(2965, 11, 212),
(2966, 12, 212),
(2967, 13, 212),
(2968, 14, 212),
(2969, 1, 213),
(2970, 2, 213),
(2971, 3, 213),
(2972, 4, 213),
(2973, 5, 213),
(2974, 6, 213),
(2975, 7, 213),
(2976, 8, 213),
(2977, 9, 213),
(2978, 10, 213),
(2979, 11, 213),
(2980, 12, 213),
(2981, 13, 213),
(2982, 14, 213),
(2983, 1, 214),
(2984, 2, 214),
(2985, 3, 214),
(2986, 4, 214),
(2987, 5, 214),
(2988, 6, 214),
(2989, 7, 214),
(2990, 8, 214),
(2991, 9, 214),
(2992, 10, 214),
(2993, 11, 214),
(2994, 12, 214),
(2995, 13, 214),
(2996, 14, 214),
(2997, 1, 215),
(2998, 2, 215),
(2999, 3, 215),
(3000, 4, 215),
(3001, 5, 215),
(3002, 6, 215),
(3003, 7, 215),
(3004, 8, 215),
(3005, 9, 215),
(3006, 10, 215),
(3007, 11, 215),
(3008, 12, 215),
(3009, 13, 215),
(3010, 14, 215),
(3011, 1, 216),
(3012, 2, 216),
(3013, 3, 216),
(3014, 4, 216),
(3015, 5, 216),
(3016, 6, 216),
(3017, 7, 216),
(3018, 8, 216),
(3019, 9, 216),
(3020, 10, 216),
(3021, 11, 216),
(3022, 12, 216),
(3023, 13, 216),
(3024, 14, 216),
(3025, 1, 217),
(3026, 2, 217),
(3027, 3, 217),
(3028, 4, 217),
(3029, 5, 217),
(3030, 6, 217),
(3031, 7, 217),
(3032, 8, 217),
(3033, 9, 217),
(3034, 10, 217),
(3035, 11, 217),
(3036, 12, 217),
(3037, 13, 217),
(3038, 14, 217),
(3039, 1, 218),
(3040, 2, 218),
(3041, 3, 218),
(3042, 4, 218),
(3043, 5, 218),
(3044, 6, 218),
(3045, 7, 218),
(3046, 8, 218),
(3047, 9, 218),
(3048, 10, 218),
(3049, 11, 218),
(3050, 12, 218),
(3051, 13, 218),
(3052, 14, 218),
(3053, 1, 219),
(3054, 2, 219),
(3055, 3, 219),
(3056, 4, 219),
(3057, 5, 219),
(3058, 6, 219),
(3059, 7, 219),
(3060, 8, 219),
(3061, 9, 219),
(3062, 10, 219),
(3063, 11, 219),
(3064, 12, 219),
(3065, 13, 219),
(3066, 14, 219),
(3067, 1, 220),
(3068, 2, 220),
(3069, 3, 220),
(3070, 4, 220),
(3071, 5, 220),
(3072, 6, 220),
(3073, 7, 220),
(3074, 8, 220),
(3075, 9, 220),
(3076, 10, 220),
(3077, 11, 220),
(3078, 12, 220),
(3079, 13, 220),
(3080, 14, 220),
(3081, 1, 221),
(3082, 2, 221),
(3083, 3, 221),
(3084, 4, 221),
(3085, 5, 221),
(3086, 6, 221),
(3087, 7, 221),
(3088, 8, 221),
(3089, 9, 221),
(3090, 10, 221),
(3091, 11, 221),
(3092, 12, 221),
(3093, 13, 221),
(3094, 14, 221),
(3095, 1, 222),
(3096, 2, 222),
(3097, 3, 222),
(3098, 4, 222),
(3099, 5, 222),
(3100, 6, 222),
(3101, 7, 222),
(3102, 8, 222),
(3103, 9, 222),
(3104, 10, 222),
(3105, 11, 222),
(3106, 12, 222),
(3107, 13, 222),
(3108, 14, 222),
(3109, 1, 223),
(3110, 2, 223),
(3111, 3, 223),
(3112, 4, 223),
(3113, 5, 223),
(3114, 6, 223),
(3115, 7, 223),
(3116, 8, 223),
(3117, 9, 223),
(3118, 10, 223),
(3119, 11, 223),
(3120, 12, 223),
(3121, 13, 223),
(3122, 14, 223),
(3123, 1, 224),
(3124, 2, 224),
(3125, 3, 224),
(3126, 4, 224),
(3127, 5, 224),
(3128, 6, 224),
(3129, 7, 224),
(3130, 8, 224),
(3131, 9, 224),
(3132, 10, 224),
(3133, 11, 224),
(3134, 12, 224),
(3135, 13, 224),
(3136, 14, 224),
(3137, 1, 225),
(3138, 2, 225),
(3139, 3, 225),
(3140, 4, 225),
(3141, 5, 225),
(3142, 6, 225),
(3143, 7, 225),
(3144, 8, 225),
(3145, 9, 225),
(3146, 10, 225),
(3147, 11, 225),
(3148, 12, 225),
(3149, 13, 225),
(3150, 14, 225),
(3151, 1, 226),
(3152, 2, 226),
(3153, 3, 226),
(3154, 4, 226),
(3155, 5, 226),
(3156, 6, 226),
(3157, 7, 226),
(3158, 8, 226),
(3159, 9, 226),
(3160, 10, 226),
(3161, 11, 226),
(3162, 12, 226),
(3163, 13, 226),
(3164, 14, 226),
(3165, 1, 227),
(3166, 2, 227),
(3167, 3, 227),
(3168, 4, 227),
(3169, 5, 227),
(3170, 6, 227),
(3171, 7, 227),
(3172, 8, 227),
(3173, 9, 227),
(3174, 10, 227),
(3175, 11, 227),
(3176, 12, 227),
(3177, 13, 227),
(3178, 14, 227),
(3179, 1, 228),
(3180, 2, 228),
(3181, 3, 228),
(3182, 4, 228),
(3183, 5, 228),
(3184, 6, 228),
(3185, 7, 228),
(3186, 8, 228),
(3187, 9, 228),
(3188, 10, 228),
(3189, 11, 228),
(3190, 12, 228),
(3191, 13, 228),
(3192, 14, 228),
(3193, 1, 229),
(3194, 2, 229),
(3195, 3, 229),
(3196, 4, 229),
(3197, 5, 229),
(3198, 6, 229),
(3199, 7, 229),
(3200, 8, 229),
(3201, 9, 229),
(3202, 10, 229),
(3203, 11, 229),
(3204, 12, 229),
(3205, 13, 229),
(3206, 14, 229),
(3207, 1, 230),
(3208, 2, 230),
(3209, 3, 230),
(3210, 4, 230),
(3211, 5, 230),
(3212, 6, 230),
(3213, 7, 230),
(3214, 8, 230),
(3215, 9, 230),
(3216, 10, 230),
(3217, 11, 230),
(3218, 12, 230),
(3219, 13, 230),
(3220, 14, 230),
(3221, 1, 231),
(3222, 2, 231),
(3223, 3, 231),
(3224, 4, 231),
(3225, 5, 231),
(3226, 6, 231),
(3227, 7, 231),
(3228, 8, 231),
(3229, 9, 231),
(3230, 10, 231),
(3231, 11, 231),
(3232, 12, 231),
(3233, 13, 231),
(3234, 14, 231),
(3235, 1, 232),
(3236, 2, 232),
(3237, 3, 232),
(3238, 4, 232),
(3239, 5, 232),
(3240, 6, 232),
(3241, 7, 232),
(3242, 8, 232),
(3243, 9, 232),
(3244, 10, 232),
(3245, 11, 232),
(3246, 12, 232),
(3247, 13, 232),
(3248, 14, 232),
(3249, 1, 233),
(3250, 2, 233),
(3251, 3, 233),
(3252, 4, 233),
(3253, 5, 233),
(3254, 6, 233),
(3255, 7, 233),
(3256, 8, 233),
(3257, 9, 233),
(3258, 10, 233),
(3259, 11, 233),
(3260, 12, 233),
(3261, 13, 233),
(3262, 14, 233),
(3263, 1, 234),
(3264, 2, 234),
(3265, 3, 234),
(3266, 4, 234),
(3267, 5, 234),
(3268, 6, 234),
(3269, 7, 234),
(3270, 8, 234),
(3271, 9, 234),
(3272, 10, 234),
(3273, 11, 234),
(3274, 12, 234),
(3275, 13, 234),
(3276, 14, 234),
(3277, 1, 235),
(3278, 2, 235),
(3279, 3, 235),
(3280, 4, 235),
(3281, 5, 235),
(3282, 6, 235),
(3283, 7, 235),
(3284, 8, 235),
(3285, 9, 235),
(3286, 10, 235),
(3287, 11, 235),
(3288, 12, 235),
(3289, 13, 235),
(3290, 14, 235),
(3291, 1, 236),
(3292, 2, 236),
(3293, 3, 236),
(3294, 4, 236),
(3295, 5, 236),
(3296, 6, 236),
(3297, 7, 236),
(3298, 8, 236),
(3299, 9, 236),
(3300, 10, 236),
(3301, 11, 236),
(3302, 12, 236),
(3303, 13, 236),
(3304, 14, 236),
(3305, 1, 237),
(3306, 2, 237),
(3307, 3, 237),
(3308, 4, 237),
(3309, 5, 237),
(3310, 6, 237),
(3311, 7, 237),
(3312, 8, 237),
(3313, 9, 237),
(3314, 10, 237),
(3315, 11, 237),
(3316, 12, 237),
(3317, 13, 237),
(3318, 14, 237),
(3319, 1, 238),
(3320, 2, 238),
(3321, 3, 238),
(3322, 4, 238),
(3323, 5, 238),
(3324, 6, 238),
(3325, 7, 238),
(3326, 8, 238),
(3327, 9, 238),
(3328, 10, 238),
(3329, 11, 238),
(3330, 12, 238),
(3331, 13, 238),
(3332, 14, 238),
(3333, 1, 239),
(3334, 2, 239),
(3335, 3, 239),
(3336, 4, 239),
(3337, 5, 239),
(3338, 6, 239),
(3339, 7, 239),
(3340, 8, 239),
(3341, 9, 239),
(3342, 10, 239),
(3343, 11, 239),
(3344, 12, 239),
(3345, 13, 239),
(3346, 14, 239),
(3347, 1, 240),
(3348, 2, 240),
(3349, 3, 240),
(3350, 4, 240),
(3351, 5, 240),
(3352, 6, 240),
(3353, 7, 240),
(3354, 8, 240),
(3355, 9, 240),
(3356, 10, 240),
(3357, 11, 240),
(3358, 12, 240),
(3359, 13, 240),
(3360, 14, 240),
(3361, 1, 241),
(3362, 2, 241),
(3363, 3, 241),
(3364, 4, 241),
(3365, 5, 241),
(3366, 6, 241),
(3367, 7, 241),
(3368, 8, 241),
(3369, 9, 241),
(3370, 10, 241),
(3371, 11, 241),
(3372, 12, 241),
(3373, 13, 241),
(3374, 14, 241),
(3375, 1, 242),
(3376, 2, 242),
(3377, 3, 242),
(3378, 4, 242),
(3379, 5, 242),
(3380, 6, 242),
(3381, 7, 242),
(3382, 8, 242),
(3383, 9, 242),
(3384, 10, 242),
(3385, 11, 242),
(3386, 12, 242),
(3387, 13, 242),
(3388, 14, 242),
(3389, 1, 243),
(3390, 2, 243),
(3391, 3, 243),
(3392, 4, 243),
(3393, 5, 243),
(3394, 6, 243),
(3395, 7, 243),
(3396, 8, 243),
(3397, 9, 243),
(3398, 10, 243),
(3399, 11, 243),
(3400, 12, 243),
(3401, 13, 243),
(3402, 14, 243),
(3403, 1, 244),
(3404, 2, 244),
(3405, 3, 244),
(3406, 4, 244),
(3407, 5, 244),
(3408, 6, 244),
(3409, 7, 244),
(3410, 8, 244),
(3411, 9, 244),
(3412, 10, 244),
(3413, 11, 244),
(3414, 12, 244),
(3415, 13, 244),
(3416, 14, 244),
(3417, 1, 245),
(3418, 2, 245),
(3419, 3, 245),
(3420, 4, 245),
(3421, 5, 245),
(3422, 6, 245),
(3423, 7, 245),
(3424, 8, 245),
(3425, 9, 245),
(3426, 10, 245),
(3427, 11, 245),
(3428, 12, 245),
(3429, 13, 245),
(3430, 14, 245),
(3431, 1, 246),
(3432, 2, 246),
(3433, 3, 246),
(3434, 4, 246),
(3435, 5, 246),
(3436, 6, 246),
(3437, 7, 246),
(3438, 8, 246),
(3439, 9, 246),
(3440, 10, 246),
(3441, 11, 246),
(3442, 12, 246),
(3443, 13, 246),
(3444, 14, 246),
(3445, 1, 247),
(3446, 2, 247),
(3447, 3, 247),
(3448, 4, 247),
(3449, 5, 247),
(3450, 6, 247),
(3451, 7, 247),
(3452, 8, 247),
(3453, 9, 247),
(3454, 10, 247),
(3455, 11, 247),
(3456, 12, 247),
(3457, 13, 247),
(3458, 14, 247),
(3459, 1, 248),
(3460, 2, 248),
(3461, 3, 248),
(3462, 4, 248),
(3463, 5, 248),
(3464, 6, 248),
(3465, 7, 248),
(3466, 8, 248),
(3467, 9, 248),
(3468, 10, 248),
(3469, 11, 248),
(3470, 12, 248),
(3471, 13, 248),
(3472, 14, 248),
(3473, 1, 249),
(3474, 2, 249),
(3475, 3, 249),
(3476, 4, 249),
(3477, 5, 249),
(3478, 6, 249),
(3479, 7, 249),
(3480, 8, 249),
(3481, 9, 249),
(3482, 10, 249),
(3483, 11, 249),
(3484, 12, 249),
(3485, 13, 249),
(3486, 14, 249),
(3487, 1, 250),
(3488, 2, 250),
(3489, 3, 250),
(3490, 4, 250),
(3491, 5, 250),
(3492, 6, 250),
(3493, 7, 250),
(3494, 8, 250),
(3495, 9, 250),
(3496, 10, 250),
(3497, 11, 250),
(3498, 12, 250),
(3499, 13, 250),
(3500, 14, 250),
(3501, 1, 251),
(3502, 2, 251),
(3503, 3, 251),
(3504, 4, 251),
(3505, 5, 251),
(3506, 6, 251),
(3507, 7, 251),
(3508, 8, 251),
(3509, 9, 251),
(3510, 10, 251),
(3511, 11, 251),
(3512, 12, 251),
(3513, 13, 251),
(3514, 14, 251),
(3515, 1, 252),
(3516, 2, 252),
(3517, 3, 252),
(3518, 4, 252),
(3519, 5, 252),
(3520, 6, 252),
(3521, 7, 252),
(3522, 8, 252),
(3523, 9, 252),
(3524, 10, 252),
(3525, 11, 252),
(3526, 12, 252),
(3527, 13, 252),
(3528, 14, 252),
(3529, 1, 253),
(3530, 2, 253),
(3531, 3, 253),
(3532, 4, 253),
(3533, 5, 253),
(3534, 6, 253),
(3535, 7, 253),
(3536, 8, 253),
(3537, 9, 253),
(3538, 10, 253),
(3539, 11, 253),
(3540, 12, 253),
(3541, 13, 253),
(3542, 14, 253),
(3543, 1, 254),
(3544, 2, 254),
(3545, 3, 254),
(3546, 4, 254),
(3547, 5, 254),
(3548, 6, 254),
(3549, 7, 254),
(3550, 8, 254),
(3551, 9, 254),
(3552, 10, 254),
(3553, 11, 254),
(3554, 12, 254),
(3555, 13, 254),
(3556, 14, 254),
(3557, 1, 255),
(3558, 2, 255),
(3559, 3, 255),
(3560, 4, 255),
(3561, 5, 255),
(3562, 6, 255),
(3563, 7, 255),
(3564, 8, 255),
(3565, 9, 255),
(3566, 10, 255),
(3567, 11, 255),
(3568, 12, 255),
(3569, 13, 255),
(3570, 14, 255),
(3571, 1, 256),
(3572, 2, 256),
(3573, 3, 256),
(3574, 4, 256),
(3575, 5, 256),
(3576, 6, 256),
(3577, 7, 256),
(3578, 8, 256),
(3579, 9, 256),
(3580, 10, 256),
(3581, 11, 256),
(3582, 12, 256),
(3583, 13, 256),
(3584, 14, 256),
(3585, 1, 257),
(3586, 2, 257),
(3587, 3, 257),
(3588, 4, 257),
(3589, 5, 257),
(3590, 6, 257),
(3591, 7, 257),
(3592, 8, 257),
(3593, 9, 257),
(3594, 10, 257),
(3595, 11, 257),
(3596, 12, 257),
(3597, 13, 257),
(3598, 14, 257),
(3599, 1, 258),
(3600, 2, 258),
(3601, 3, 258),
(3602, 4, 258),
(3603, 5, 258),
(3604, 6, 258),
(3605, 7, 258),
(3606, 8, 258),
(3607, 9, 258),
(3608, 10, 258),
(3609, 11, 258),
(3610, 12, 258),
(3611, 13, 258),
(3612, 14, 258),
(3613, 1, 259),
(3614, 2, 259),
(3615, 3, 259),
(3616, 4, 259),
(3617, 5, 259),
(3618, 6, 259),
(3619, 7, 259),
(3620, 8, 259),
(3621, 9, 259),
(3622, 10, 259),
(3623, 11, 259),
(3624, 12, 259),
(3625, 13, 259),
(3626, 14, 259),
(3627, 1, 260),
(3628, 2, 260),
(3629, 3, 260),
(3630, 4, 260),
(3631, 5, 260),
(3632, 6, 260),
(3633, 7, 260),
(3634, 8, 260),
(3635, 9, 260),
(3636, 10, 260),
(3637, 11, 260),
(3638, 12, 260),
(3639, 13, 260),
(3640, 14, 260),
(3641, 1, 261),
(3642, 2, 261),
(3643, 3, 261),
(3644, 4, 261),
(3645, 5, 261),
(3646, 6, 261),
(3647, 7, 261),
(3648, 8, 261),
(3649, 9, 261),
(3650, 10, 261),
(3651, 11, 261),
(3652, 12, 261),
(3653, 13, 261),
(3654, 14, 261),
(3655, 1, 262),
(3656, 2, 262),
(3657, 3, 262),
(3658, 4, 262),
(3659, 5, 262),
(3660, 6, 262);
INSERT INTO `ports_ipaddress` (`id`, `ports_id`, `ipaddress_id`) VALUES
(3661, 7, 262),
(3662, 8, 262),
(3663, 9, 262),
(3664, 10, 262),
(3665, 11, 262),
(3666, 12, 262),
(3667, 13, 262),
(3668, 14, 262),
(3669, 1, 263),
(3670, 2, 263),
(3671, 3, 263),
(3672, 4, 263),
(3673, 5, 263),
(3674, 6, 263),
(3675, 7, 263),
(3676, 8, 263),
(3677, 9, 263),
(3678, 10, 263),
(3679, 11, 263),
(3680, 12, 263),
(3681, 13, 263),
(3682, 14, 263),
(3683, 1, 264),
(3684, 2, 264),
(3685, 3, 264),
(3686, 4, 264),
(3687, 5, 264),
(3688, 6, 264),
(3689, 7, 264),
(3690, 8, 264),
(3691, 9, 264),
(3692, 10, 264),
(3693, 11, 264),
(3694, 12, 264),
(3695, 13, 264),
(3696, 14, 264),
(3697, 1, 265),
(3698, 2, 265),
(3699, 3, 265),
(3700, 4, 265),
(3701, 5, 265),
(3702, 6, 265),
(3703, 7, 265),
(3704, 8, 265),
(3705, 9, 265),
(3706, 10, 265),
(3707, 11, 265),
(3708, 12, 265),
(3709, 13, 265),
(3710, 14, 265),
(3711, 1, 266),
(3712, 2, 266),
(3713, 3, 266),
(3714, 4, 266),
(3715, 5, 266),
(3716, 6, 266),
(3717, 7, 266),
(3718, 8, 266),
(3719, 9, 266),
(3720, 10, 266),
(3721, 11, 266),
(3722, 12, 266),
(3723, 13, 266),
(3724, 14, 266),
(3725, 1, 267),
(3726, 2, 267),
(3727, 3, 267),
(3728, 4, 267),
(3729, 5, 267),
(3730, 6, 267),
(3731, 7, 267),
(3732, 8, 267),
(3733, 9, 267),
(3734, 10, 267),
(3735, 11, 267),
(3736, 12, 267),
(3737, 13, 267),
(3738, 14, 267),
(3739, 1, 268),
(3740, 2, 268),
(3741, 3, 268),
(3742, 4, 268),
(3743, 5, 268),
(3744, 6, 268),
(3745, 7, 268),
(3746, 8, 268),
(3747, 9, 268),
(3748, 10, 268),
(3749, 11, 268),
(3750, 12, 268),
(3751, 13, 268),
(3752, 14, 268),
(3753, 1, 269),
(3754, 2, 269),
(3755, 3, 269),
(3756, 4, 269),
(3757, 5, 269),
(3758, 6, 269),
(3759, 7, 269),
(3760, 8, 269),
(3761, 9, 269),
(3762, 10, 269),
(3763, 11, 269),
(3764, 12, 269),
(3765, 13, 269),
(3766, 14, 269),
(3767, 1, 270),
(3768, 2, 270),
(3769, 3, 270),
(3770, 4, 270),
(3771, 5, 270),
(3772, 6, 270),
(3773, 7, 270),
(3774, 8, 270),
(3775, 9, 270),
(3776, 10, 270),
(3777, 11, 270),
(3778, 12, 270),
(3779, 13, 270),
(3780, 14, 270),
(3781, 1, 271),
(3782, 2, 271),
(3783, 3, 271),
(3784, 4, 271),
(3785, 5, 271),
(3786, 6, 271),
(3787, 7, 271),
(3788, 8, 271),
(3789, 9, 271),
(3790, 10, 271),
(3791, 11, 271),
(3792, 12, 271),
(3793, 13, 271),
(3794, 14, 271),
(3795, 1, 272),
(3796, 2, 272),
(3797, 3, 272),
(3798, 4, 272),
(3799, 5, 272),
(3800, 6, 272),
(3801, 7, 272),
(3802, 8, 272),
(3803, 9, 272),
(3804, 10, 272),
(3805, 11, 272),
(3806, 12, 272),
(3807, 13, 272),
(3808, 14, 272),
(3809, 1, 273),
(3810, 2, 273),
(3811, 3, 273),
(3812, 4, 273),
(3813, 5, 273),
(3814, 6, 273),
(3815, 7, 273),
(3816, 8, 273),
(3817, 9, 273),
(3818, 10, 273),
(3819, 11, 273),
(3820, 12, 273),
(3821, 13, 273),
(3822, 14, 273),
(3823, 1, 274),
(3824, 2, 274),
(3825, 3, 274),
(3826, 4, 274),
(3827, 5, 274),
(3828, 6, 274),
(3829, 7, 274),
(3830, 8, 274),
(3831, 9, 274),
(3832, 10, 274),
(3833, 11, 274),
(3834, 12, 274),
(3835, 13, 274),
(3836, 14, 274),
(3837, 1, 275),
(3838, 2, 275),
(3839, 3, 275),
(3840, 4, 275),
(3841, 5, 275),
(3842, 6, 275),
(3843, 7, 275),
(3844, 8, 275),
(3845, 9, 275),
(3846, 10, 275),
(3847, 11, 275),
(3848, 12, 275),
(3849, 13, 275),
(3850, 14, 275),
(3851, 1, 276),
(3852, 2, 276),
(3853, 3, 276),
(3854, 4, 276),
(3855, 5, 276),
(3856, 6, 276),
(3857, 7, 276),
(3858, 8, 276),
(3859, 9, 276),
(3860, 10, 276),
(3861, 11, 276),
(3862, 12, 276),
(3863, 13, 276),
(3864, 14, 276),
(3865, 1, 277),
(3866, 2, 277),
(3867, 3, 277),
(3868, 4, 277),
(3869, 5, 277),
(3870, 6, 277),
(3871, 7, 277),
(3872, 8, 277),
(3873, 9, 277),
(3874, 10, 277),
(3875, 11, 277),
(3876, 12, 277),
(3877, 13, 277),
(3878, 14, 277),
(3879, 1, 278),
(3880, 2, 278),
(3881, 3, 278),
(3882, 4, 278),
(3883, 5, 278),
(3884, 6, 278),
(3885, 7, 278),
(3886, 8, 278),
(3887, 9, 278),
(3888, 10, 278),
(3889, 11, 278),
(3890, 12, 278),
(3891, 13, 278),
(3892, 14, 278),
(3893, 1, 279),
(3894, 2, 279),
(3895, 3, 279),
(3896, 4, 279),
(3897, 5, 279),
(3898, 6, 279),
(3899, 7, 279),
(3900, 8, 279),
(3901, 9, 279),
(3902, 10, 279),
(3903, 11, 279),
(3904, 12, 279),
(3905, 13, 279),
(3906, 14, 279),
(3907, 1, 280),
(3908, 2, 280),
(3909, 3, 280),
(3910, 4, 280),
(3911, 5, 280),
(3912, 6, 280),
(3913, 7, 280),
(3914, 8, 280),
(3915, 9, 280),
(3916, 10, 280),
(3917, 11, 280),
(3918, 12, 280),
(3919, 13, 280),
(3920, 14, 280),
(3921, 1, 281),
(3922, 2, 281),
(3923, 3, 281),
(3924, 4, 281),
(3925, 5, 281),
(3926, 6, 281),
(3927, 7, 281),
(3928, 8, 281),
(3929, 9, 281),
(3930, 10, 281),
(3931, 11, 281),
(3932, 12, 281),
(3933, 13, 281),
(3934, 14, 281),
(3935, 1, 282),
(3936, 2, 282),
(3937, 3, 282),
(3938, 4, 282),
(3939, 5, 282),
(3940, 6, 282),
(3941, 7, 282),
(3942, 8, 282),
(3943, 9, 282),
(3944, 10, 282),
(3945, 11, 282),
(3946, 12, 282),
(3947, 13, 282),
(3948, 14, 282),
(3949, 1, 283),
(3950, 2, 283),
(3951, 3, 283),
(3952, 4, 283),
(3953, 5, 283),
(3954, 6, 283),
(3955, 7, 283),
(3956, 8, 283),
(3957, 9, 283),
(3958, 10, 283),
(3959, 11, 283),
(3960, 12, 283),
(3961, 13, 283),
(3962, 14, 283),
(3963, 1, 284),
(3964, 2, 284),
(3965, 3, 284),
(3966, 4, 284),
(3967, 5, 284),
(3968, 6, 284),
(3969, 7, 284),
(3970, 8, 284),
(3971, 9, 284),
(3972, 10, 284),
(3973, 11, 284),
(3974, 12, 284),
(3975, 13, 284),
(3976, 14, 284),
(3977, 1, 285),
(3978, 2, 285),
(3979, 3, 285),
(3980, 4, 285),
(3981, 5, 285),
(3982, 6, 285),
(3983, 7, 285),
(3984, 8, 285),
(3985, 9, 285),
(3986, 10, 285),
(3987, 11, 285),
(3988, 12, 285),
(3989, 13, 285),
(3990, 14, 285),
(3991, 1, 286),
(3992, 2, 286),
(3993, 3, 286),
(3994, 4, 286),
(3995, 5, 286),
(3996, 6, 286),
(3997, 7, 286),
(3998, 8, 286),
(3999, 9, 286),
(4000, 10, 286),
(4001, 11, 286),
(4002, 12, 286),
(4003, 13, 286),
(4004, 14, 286),
(4005, 1, 287),
(4006, 2, 287),
(4007, 3, 287),
(4008, 4, 287),
(4009, 5, 287),
(4010, 6, 287),
(4011, 7, 287),
(4012, 8, 287),
(4013, 9, 287),
(4014, 10, 287),
(4015, 11, 287),
(4016, 12, 287),
(4017, 13, 287),
(4018, 14, 287),
(4019, 1, 288),
(4020, 2, 288),
(4021, 3, 288),
(4022, 4, 288),
(4023, 5, 288),
(4024, 6, 288),
(4025, 7, 288),
(4026, 8, 288),
(4027, 9, 288),
(4028, 10, 288),
(4029, 11, 288),
(4030, 12, 288),
(4031, 13, 288),
(4032, 14, 288),
(4033, 1, 289),
(4034, 2, 289),
(4035, 3, 289),
(4036, 4, 289),
(4037, 5, 289),
(4038, 6, 289),
(4039, 7, 289),
(4040, 8, 289),
(4041, 9, 289),
(4042, 10, 289),
(4043, 11, 289),
(4044, 12, 289),
(4045, 13, 289),
(4046, 14, 289),
(4047, 1, 290),
(4048, 2, 290),
(4049, 3, 290),
(4050, 4, 290),
(4051, 5, 290),
(4052, 6, 290),
(4053, 7, 290),
(4054, 8, 290),
(4055, 9, 290),
(4056, 10, 290),
(4057, 11, 290),
(4058, 12, 290),
(4059, 13, 290),
(4060, 14, 290),
(4061, 1, 291),
(4062, 2, 291),
(4063, 3, 291),
(4064, 4, 291),
(4065, 5, 291),
(4066, 6, 291),
(4067, 7, 291),
(4068, 8, 291),
(4069, 9, 291),
(4070, 10, 291),
(4071, 11, 291),
(4072, 12, 291),
(4073, 13, 291),
(4074, 14, 291),
(4075, 1, 292),
(4076, 2, 292),
(4077, 3, 292),
(4078, 4, 292),
(4079, 5, 292),
(4080, 6, 292),
(4081, 7, 292),
(4082, 8, 292),
(4083, 9, 292),
(4084, 10, 292),
(4085, 11, 292),
(4086, 12, 292),
(4087, 13, 292),
(4088, 14, 292),
(4089, 1, 293),
(4090, 2, 293),
(4091, 3, 293),
(4092, 4, 293),
(4093, 5, 293),
(4094, 6, 293),
(4095, 7, 293),
(4096, 8, 293),
(4097, 9, 293),
(4098, 10, 293),
(4099, 11, 293),
(4100, 12, 293),
(4101, 13, 293),
(4102, 14, 293),
(4103, 1, 294),
(4104, 2, 294),
(4105, 3, 294),
(4106, 4, 294),
(4107, 5, 294),
(4108, 6, 294),
(4109, 7, 294),
(4110, 8, 294),
(4111, 9, 294),
(4112, 10, 294),
(4113, 11, 294),
(4114, 12, 294),
(4115, 13, 294),
(4116, 14, 294),
(4117, 1, 295),
(4118, 2, 295),
(4119, 3, 295),
(4120, 4, 295),
(4121, 5, 295),
(4122, 6, 295),
(4123, 7, 295),
(4124, 8, 295),
(4125, 9, 295),
(4126, 10, 295),
(4127, 11, 295),
(4128, 12, 295),
(4129, 13, 295),
(4130, 14, 295),
(4131, 1, 296),
(4132, 2, 296),
(4133, 3, 296),
(4134, 4, 296),
(4135, 5, 296),
(4136, 6, 296),
(4137, 7, 296),
(4138, 8, 296),
(4139, 9, 296),
(4140, 10, 296),
(4141, 11, 296),
(4142, 12, 296),
(4143, 13, 296),
(4144, 14, 296),
(4145, 1, 297),
(4146, 2, 297),
(4147, 3, 297),
(4148, 4, 297),
(4149, 5, 297),
(4150, 6, 297),
(4151, 7, 297),
(4152, 8, 297),
(4153, 9, 297),
(4154, 10, 297),
(4155, 11, 297),
(4156, 12, 297),
(4157, 13, 297),
(4158, 14, 297),
(4159, 1, 298),
(4160, 2, 298),
(4161, 3, 298),
(4162, 4, 298),
(4163, 5, 298),
(4164, 6, 298),
(4165, 7, 298),
(4166, 8, 298),
(4167, 9, 298),
(4168, 10, 298),
(4169, 11, 298),
(4170, 12, 298),
(4171, 13, 298),
(4172, 14, 298),
(4173, 1, 299),
(4174, 2, 299),
(4175, 3, 299),
(4176, 4, 299),
(4177, 5, 299),
(4178, 6, 299),
(4179, 7, 299),
(4180, 8, 299),
(4181, 9, 299),
(4182, 10, 299),
(4183, 11, 299),
(4184, 12, 299),
(4185, 13, 299),
(4186, 14, 299),
(4187, 1, 300),
(4188, 2, 300),
(4189, 3, 300),
(4190, 4, 300),
(4191, 5, 300),
(4192, 6, 300),
(4193, 7, 300),
(4194, 8, 300),
(4195, 9, 300),
(4196, 10, 300),
(4197, 11, 300),
(4198, 12, 300),
(4199, 13, 300),
(4200, 14, 300),
(4201, 1, 301),
(4202, 2, 301),
(4203, 3, 301),
(4204, 4, 301),
(4205, 5, 301),
(4206, 6, 301),
(4207, 7, 301),
(4208, 8, 301),
(4209, 9, 301),
(4210, 10, 301),
(4211, 11, 301),
(4212, 12, 301),
(4213, 13, 301),
(4214, 14, 301),
(4215, 1, 302),
(4216, 2, 302),
(4217, 3, 302),
(4218, 4, 302),
(4219, 5, 302),
(4220, 6, 302),
(4221, 7, 302),
(4222, 8, 302),
(4223, 9, 302),
(4224, 10, 302),
(4225, 11, 302),
(4226, 12, 302),
(4227, 13, 302),
(4228, 14, 302),
(4229, 1, 303),
(4230, 2, 303),
(4231, 3, 303),
(4232, 4, 303),
(4233, 5, 303),
(4234, 6, 303),
(4235, 7, 303),
(4236, 8, 303),
(4237, 9, 303),
(4238, 10, 303),
(4239, 11, 303),
(4240, 12, 303),
(4241, 13, 303),
(4242, 14, 303),
(4243, 1, 304),
(4244, 2, 304),
(4245, 3, 304),
(4246, 4, 304),
(4247, 5, 304),
(4248, 6, 304),
(4249, 7, 304),
(4250, 8, 304),
(4251, 9, 304),
(4252, 10, 304),
(4253, 11, 304),
(4254, 12, 304),
(4255, 13, 304),
(4256, 14, 304),
(4257, 1, 305),
(4258, 2, 305),
(4259, 3, 305),
(4260, 4, 305),
(4261, 5, 305),
(4262, 6, 305),
(4263, 7, 305),
(4264, 8, 305),
(4265, 9, 305),
(4266, 10, 305),
(4267, 11, 305),
(4268, 12, 305),
(4269, 13, 305),
(4270, 14, 305),
(4271, 1, 306),
(4272, 2, 306),
(4273, 3, 306),
(4274, 4, 306),
(4275, 5, 306),
(4276, 6, 306),
(4277, 7, 306),
(4278, 8, 306),
(4279, 9, 306),
(4280, 10, 306),
(4281, 11, 306),
(4282, 12, 306),
(4283, 13, 306),
(4284, 14, 306),
(4285, 1, 307),
(4286, 2, 307),
(4287, 3, 307),
(4288, 4, 307),
(4289, 5, 307),
(4290, 6, 307),
(4291, 7, 307),
(4292, 8, 307),
(4293, 9, 307),
(4294, 10, 307),
(4295, 11, 307),
(4296, 12, 307),
(4297, 13, 307),
(4298, 14, 307),
(4299, 1, 308),
(4300, 2, 308),
(4301, 3, 308),
(4302, 4, 308),
(4303, 5, 308),
(4304, 6, 308),
(4305, 7, 308),
(4306, 8, 308),
(4307, 9, 308),
(4308, 10, 308),
(4309, 11, 308),
(4310, 12, 308),
(4311, 13, 308),
(4312, 14, 308),
(4313, 1, 309),
(4314, 2, 309),
(4315, 3, 309),
(4316, 4, 309),
(4317, 5, 309),
(4318, 6, 309),
(4319, 7, 309),
(4320, 8, 309),
(4321, 9, 309),
(4322, 10, 309),
(4323, 11, 309),
(4324, 12, 309),
(4325, 13, 309),
(4326, 14, 309),
(4327, 1, 310),
(4328, 2, 310),
(4329, 3, 310),
(4330, 4, 310),
(4331, 5, 310),
(4332, 6, 310),
(4333, 7, 310),
(4334, 8, 310),
(4335, 9, 310),
(4336, 10, 310),
(4337, 11, 310),
(4338, 12, 310),
(4339, 13, 310),
(4340, 14, 310),
(4341, 1, 311),
(4342, 2, 311),
(4343, 3, 311),
(4344, 4, 311),
(4345, 5, 311),
(4346, 6, 311),
(4347, 7, 311),
(4348, 8, 311),
(4349, 9, 311),
(4350, 10, 311),
(4351, 11, 311),
(4352, 12, 311),
(4353, 13, 311),
(4354, 14, 311),
(4355, 1, 312),
(4356, 2, 312),
(4357, 3, 312),
(4358, 4, 312),
(4359, 5, 312),
(4360, 6, 312),
(4361, 7, 312),
(4362, 8, 312),
(4363, 9, 312),
(4364, 10, 312),
(4365, 11, 312),
(4366, 12, 312),
(4367, 13, 312),
(4368, 14, 312),
(4369, 1, 313),
(4370, 2, 313),
(4371, 3, 313),
(4372, 4, 313),
(4373, 5, 313),
(4374, 6, 313),
(4375, 7, 313),
(4376, 8, 313),
(4377, 9, 313),
(4378, 10, 313),
(4379, 11, 313),
(4380, 12, 313),
(4381, 13, 313),
(4382, 14, 313),
(4383, 1, 314),
(4384, 2, 314),
(4385, 3, 314),
(4386, 4, 314),
(4387, 5, 314),
(4388, 6, 314),
(4389, 7, 314),
(4390, 8, 314),
(4391, 9, 314),
(4392, 10, 314),
(4393, 11, 314),
(4394, 12, 314),
(4395, 13, 314),
(4396, 14, 314),
(4397, 1, 315),
(4398, 2, 315),
(4399, 3, 315),
(4400, 4, 315),
(4401, 5, 315),
(4402, 6, 315),
(4403, 7, 315),
(4404, 8, 315),
(4405, 9, 315),
(4406, 10, 315),
(4407, 11, 315),
(4408, 12, 315),
(4409, 13, 315),
(4410, 14, 315),
(4411, 1, 316),
(4412, 2, 316),
(4413, 3, 316),
(4414, 4, 316),
(4415, 5, 316),
(4416, 6, 316),
(4417, 7, 316),
(4418, 8, 316),
(4419, 9, 316),
(4420, 10, 316),
(4421, 11, 316),
(4422, 12, 316),
(4423, 13, 316),
(4424, 14, 316),
(4425, 1, 317),
(4426, 2, 317),
(4427, 3, 317),
(4428, 4, 317),
(4429, 5, 317),
(4430, 6, 317),
(4431, 7, 317),
(4432, 8, 317),
(4433, 9, 317),
(4434, 10, 317),
(4435, 11, 317),
(4436, 12, 317),
(4437, 13, 317),
(4438, 14, 317),
(4439, 1, 318),
(4440, 2, 318),
(4441, 3, 318),
(4442, 4, 318),
(4443, 5, 318),
(4444, 6, 318),
(4445, 7, 318),
(4446, 8, 318),
(4447, 9, 318),
(4448, 10, 318),
(4449, 11, 318),
(4450, 12, 318),
(4451, 13, 318),
(4452, 14, 318),
(4453, 1, 319),
(4454, 2, 319),
(4455, 3, 319),
(4456, 4, 319),
(4457, 5, 319),
(4458, 6, 319),
(4459, 7, 319),
(4460, 8, 319),
(4461, 9, 319),
(4462, 10, 319),
(4463, 11, 319),
(4464, 12, 319),
(4465, 13, 319),
(4466, 14, 319),
(4467, 1, 320),
(4468, 2, 320),
(4469, 3, 320),
(4470, 4, 320),
(4471, 5, 320),
(4472, 6, 320),
(4473, 7, 320),
(4474, 8, 320),
(4475, 9, 320),
(4476, 10, 320),
(4477, 11, 320),
(4478, 12, 320),
(4479, 13, 320),
(4480, 14, 320),
(4481, 1, 321),
(4482, 2, 321),
(4483, 3, 321),
(4484, 4, 321),
(4485, 5, 321),
(4486, 6, 321),
(4487, 7, 321),
(4488, 8, 321),
(4489, 9, 321),
(4490, 10, 321),
(4491, 11, 321),
(4492, 12, 321),
(4493, 13, 321),
(4494, 14, 321),
(4495, 1, 322),
(4496, 2, 322),
(4497, 3, 322),
(4498, 4, 322),
(4499, 5, 322),
(4500, 6, 322),
(4501, 7, 322),
(4502, 8, 322),
(4503, 9, 322),
(4504, 10, 322),
(4505, 11, 322),
(4506, 12, 322),
(4507, 13, 322),
(4508, 14, 322),
(4509, 1, 323),
(4510, 2, 323),
(4511, 3, 323),
(4512, 4, 323),
(4513, 5, 323),
(4514, 6, 323),
(4515, 7, 323),
(4516, 8, 323),
(4517, 9, 323),
(4518, 10, 323),
(4519, 11, 323),
(4520, 12, 323),
(4521, 13, 323),
(4522, 14, 323),
(4523, 1, 324),
(4524, 2, 324),
(4525, 3, 324),
(4526, 4, 324),
(4527, 5, 324),
(4528, 6, 324),
(4529, 7, 324),
(4530, 8, 324),
(4531, 9, 324),
(4532, 10, 324),
(4533, 11, 324),
(4534, 12, 324),
(4535, 13, 324),
(4536, 14, 324),
(4537, 1, 325),
(4538, 2, 325),
(4539, 3, 325),
(4540, 4, 325),
(4541, 5, 325),
(4542, 6, 325),
(4543, 7, 325),
(4544, 8, 325),
(4545, 9, 325),
(4546, 10, 325),
(4547, 11, 325),
(4548, 12, 325),
(4549, 13, 325),
(4550, 14, 325),
(4551, 1, 326),
(4552, 2, 326),
(4553, 3, 326),
(4554, 4, 326),
(4555, 5, 326),
(4556, 6, 326),
(4557, 7, 326),
(4558, 8, 326),
(4559, 9, 326),
(4560, 10, 326),
(4561, 11, 326),
(4562, 12, 326),
(4563, 13, 326),
(4564, 14, 326),
(4565, 1, 327),
(4566, 2, 327),
(4567, 3, 327),
(4568, 4, 327),
(4569, 5, 327),
(4570, 6, 327),
(4571, 7, 327),
(4572, 8, 327),
(4573, 9, 327),
(4574, 10, 327),
(4575, 11, 327),
(4576, 12, 327),
(4577, 13, 327),
(4578, 14, 327),
(4579, 1, 328),
(4580, 2, 328),
(4581, 3, 328),
(4582, 4, 328),
(4583, 5, 328),
(4584, 6, 328),
(4585, 7, 328),
(4586, 8, 328),
(4587, 9, 328),
(4588, 10, 328),
(4589, 11, 328),
(4590, 12, 328),
(4591, 13, 328),
(4592, 14, 328),
(4593, 1, 329),
(4594, 2, 329),
(4595, 3, 329),
(4596, 4, 329),
(4597, 5, 329),
(4598, 6, 329),
(4599, 7, 329),
(4600, 8, 329),
(4601, 9, 329),
(4602, 10, 329),
(4603, 11, 329),
(4604, 12, 329),
(4605, 13, 329),
(4606, 14, 329),
(4607, 1, 330),
(4608, 2, 330),
(4609, 3, 330),
(4610, 4, 330),
(4611, 5, 330),
(4612, 6, 330),
(4613, 7, 330),
(4614, 8, 330),
(4615, 9, 330),
(4616, 10, 330),
(4617, 11, 330),
(4618, 12, 330),
(4619, 13, 330),
(4620, 14, 330),
(4621, 1, 331),
(4622, 2, 331),
(4623, 3, 331),
(4624, 4, 331),
(4625, 5, 331),
(4626, 6, 331),
(4627, 7, 331),
(4628, 8, 331),
(4629, 9, 331),
(4630, 10, 331),
(4631, 11, 331),
(4632, 12, 331),
(4633, 13, 331),
(4634, 14, 331),
(4635, 1, 332),
(4636, 2, 332),
(4637, 3, 332),
(4638, 4, 332),
(4639, 5, 332),
(4640, 6, 332),
(4641, 7, 332),
(4642, 8, 332),
(4643, 9, 332),
(4644, 10, 332),
(4645, 11, 332),
(4646, 12, 332),
(4647, 13, 332),
(4648, 14, 332),
(4649, 1, 333),
(4650, 2, 333),
(4651, 3, 333),
(4652, 4, 333),
(4653, 5, 333),
(4654, 6, 333),
(4655, 7, 333),
(4656, 8, 333),
(4657, 9, 333),
(4658, 10, 333),
(4659, 11, 333),
(4660, 12, 333),
(4661, 13, 333),
(4662, 14, 333),
(4663, 1, 334),
(4664, 2, 334),
(4665, 3, 334),
(4666, 4, 334),
(4667, 5, 334),
(4668, 6, 334),
(4669, 7, 334),
(4670, 8, 334),
(4671, 9, 334),
(4672, 10, 334),
(4673, 11, 334),
(4674, 12, 334),
(4675, 13, 334),
(4676, 14, 334),
(4677, 1, 335),
(4678, 2, 335),
(4679, 3, 335),
(4680, 4, 335),
(4681, 5, 335),
(4682, 6, 335),
(4683, 7, 335),
(4684, 8, 335),
(4685, 9, 335),
(4686, 10, 335),
(4687, 11, 335),
(4688, 12, 335),
(4689, 13, 335),
(4690, 14, 335),
(4691, 1, 336),
(4692, 2, 336),
(4693, 3, 336),
(4694, 4, 336),
(4695, 5, 336),
(4696, 6, 336),
(4697, 7, 336),
(4698, 8, 336),
(4699, 9, 336),
(4700, 10, 336),
(4701, 11, 336),
(4702, 12, 336),
(4703, 13, 336),
(4704, 14, 336),
(4705, 1, 337),
(4706, 2, 337),
(4707, 3, 337),
(4708, 4, 337),
(4709, 5, 337),
(4710, 6, 337),
(4711, 7, 337),
(4712, 8, 337),
(4713, 9, 337),
(4714, 10, 337),
(4715, 11, 337),
(4716, 12, 337),
(4717, 13, 337),
(4718, 14, 337),
(4719, 1, 338),
(4720, 2, 338),
(4721, 3, 338),
(4722, 4, 338),
(4723, 5, 338),
(4724, 6, 338),
(4725, 7, 338),
(4726, 8, 338),
(4727, 9, 338),
(4728, 10, 338),
(4729, 11, 338),
(4730, 12, 338),
(4731, 13, 338),
(4732, 14, 338),
(4733, 1, 339),
(4734, 2, 339),
(4735, 3, 339),
(4736, 4, 339),
(4737, 5, 339),
(4738, 6, 339),
(4739, 7, 339),
(4740, 8, 339),
(4741, 9, 339),
(4742, 10, 339),
(4743, 11, 339),
(4744, 12, 339),
(4745, 13, 339),
(4746, 14, 339),
(4747, 1, 340),
(4748, 2, 340),
(4749, 3, 340),
(4750, 4, 340),
(4751, 5, 340),
(4752, 6, 340),
(4753, 7, 340),
(4754, 8, 340),
(4755, 9, 340),
(4756, 10, 340),
(4757, 11, 340),
(4758, 12, 340),
(4759, 13, 340),
(4760, 14, 340),
(4761, 1, 341),
(4762, 2, 341),
(4763, 3, 341);

-- --------------------------------------------------------

--
-- Table structure for table `purpose`
--

CREATE TABLE `purpose` (
  `id` int(11) NOT NULL,
  `purpose` varchar(255) DEFAULT NULL,
  `hostfact_id` varchar(255) DEFAULT NULL,
  `dns` varchar(255) DEFAULT NULL
) ENGINE=InnoDB DEFAULT CHARSET=latin1;

--
-- Dumping data for table `purpose`
--

INSERT INTO `purpose` (`id`, `purpose`, `hostfact_id`, `dns`) VALUES
(4, 'dsadsdasad', NULL, 'mail2.hcd.ca.gov'),
(5, 'dasdasds asfsaf', NULL, 'HcdFRS01.Router.hcd.ca.gov'),
(6, '22', NULL, 'hcdsaofoswitch.switch.hcd.ca.gov'),
(7, '55', NULL, 'paloalto_101.hcd.ca.gov');

-- --------------------------------------------------------

--
-- Stand-in structure for view `server_info`
-- (See below for the actual view)
--
CREATE TABLE `server_info` (
`ipaddress` varchar(15)
,`dns` varchar(255)
,`caption` varchar(255)
,`vendor` varchar(255)
,`osversion` varchar(255)
,`portname` varchar(255)
,`port` int(11)
,`purpose` varchar(255)
);

-- --------------------------------------------------------

--
-- Table structure for table `server_role`
--

CREATE TABLE `server_role` (
  `id` int(11) NOT NULL,
  `name` varchar(255) DEFAULT NULL,
  `descr` varchar(255) DEFAULT NULL
) ENGINE=InnoDB DEFAULT CHARSET=latin1;

--
-- Dumping data for table `server_role`
--

INSERT INTO `server_role` (`id`, `name`, `descr`) VALUES
(1, 'Web Server', NULL),
(2, 'Application Server', NULL),
(3, 'Database Server', NULL);

-- --------------------------------------------------------

--
-- Table structure for table `transaction_table`
--

CREATE TABLE `transaction_table` (
  `id` int(11) NOT NULL,
  `dns` varchar(255) DEFAULT NULL,
  `owner` varchar(100) DEFAULT NULL,
  `email` varchar(100) DEFAULT NULL,
  `application` varchar(45) DEFAULT NULL,
  `container_type` varchar(255) DEFAULT NULL,
  `server_role` varchar(45) DEFAULT NULL,
  `ipaddress` varchar(255) DEFAULT NULL
) ENGINE=InnoDB DEFAULT CHARSET=latin1;

--
-- Dumping data for table `transaction_table`
--

INSERT INTO `transaction_table` (`id`, `dns`, `owner`, `email`, `application`, `container_type`, `server_role`, `ipaddress`) VALUES
(1, 'HcdFRS01.Router.hcd.ca.gov', 'Santosh', 'ss@yahoo.com', 'CASAS PROD', NULL, 'Web Server', NULL),
(2, 'hcdsaofoswitch.switch.hcd.ca.gov', 'sarkar', 'santosh.sarkar@telecommand.com', 'CAPES PROD', NULL, 'Web Server', NULL),
(3, 'mail2.hcd.ca.gov', 'Mnaoj', 'santosh.sarkar@gmail.com', 'CASAS DEV', NULL, 'Application Server', NULL),
(4, 'Hcd3701a.Router.hcd.ca.gov', 'Santosh', 'santosh.sarkar@telecommand.com', 'CASAS TEST', 'aa', 'Application Server', '165.235.6.1'),
(5, 'Hcd3701a.Router.hcd.ca.gov', 'ss', 'santosh.sarkar@gmail.com', 'CASAS UAT', 'dd', 'Web Server', '165.235.6.1'),
(6, 'CARDKEY1', 'Sarkar', 'santosh.sarkar@gmail.com', 'CASAS UAT', 'ff', 'Application Server', '10.1.2.5'),
(7, 'Hcd3701a.Router.hcd.ca.gov', 'Santosh', 'santosh.sarkar@telecommand.com', 'CASAS PROD', '', 'Application Server', '165.235.6.1'),
(8, 'mail2.hcd.ca.gov', 'ss', 'santosh.sarkar@gmail.com', 'CASAS DEV', '', 'Web Server', '10.1.1.23');

-- --------------------------------------------------------

--
-- Table structure for table `user`
--

CREATE TABLE `user` (
  `id` int(11) NOT NULL,
  `firstName` varchar(255) NOT NULL,
  `lastName` varchar(255) NOT NULL,
  `email` varchar(255) NOT NULL
) ENGINE=InnoDB DEFAULT CHARSET=latin1;

--
-- Dumping data for table `user`
--

INSERT INTO `user` (`id`, `firstName`, `lastName`, `email`) VALUES
(0, 'Maxwell', 'Markwell', 'mmark@kiss.mock'),
(1, 'Porfirio', 'Starns', 'epapath@kiss.mock'),
(2, 'Simon', 'Falgout', 'sfalg@kiss.mock'),
(3, 'Roger', 'Gauer', 'rgau@kiss.mock'),
(4, 'Angelo', 'Krom', 'akrom@kiss.mock'),
(5, 'Felton', 'Bayles', 'fbayles@kiss.mock'),
(6, 'Gregorio', 'Dawn', 'gdawn@kiss.mock'),
(7, 'Dwayne', 'Metoyer', 'dmeto@kiss.mock'),
(8, 'Rogelio', 'Yocom', 'ryocom@kiss.mock'),
(9, 'Bradford', 'Lasker', 'blasker@kiss.mock'),
(10, 'Mason', 'Held', 'mheld@kiss.mock'),
(11, 'Ethan', 'Barsky', 'ebarsky@kiss.mock'),
(12, 'Sung', 'Neubert', 'sneubert@kiss.mock'),
(13, 'Royce', 'Newcomer', 'rnewcomer@kiss.mock'),
(14, 'George', 'Faas', 'gfaas@kiss.mock'),
(15, 'Harry', 'Merriman', 'hmerriman@kiss.mock'),
(16, 'Nathanael', 'Brannigan', 'nbrannigan@kiss.mock'),
(17, 'Marvin', 'Wines', 'mwines@kiss.mock'),
(18, 'Jack', 'Clifford', 'jcliff@kiss.mock'),
(19, 'Sherman', 'Lydick', 'slydick@kiss.mock');

-- --------------------------------------------------------

--
-- Table structure for table `users`
--

CREATE TABLE `users` (
  `id` int(11) NOT NULL,
  `email` varchar(45) DEFAULT NULL,
  `password` varchar(45) DEFAULT NULL
) ENGINE=InnoDB DEFAULT CHARSET=latin1;

--
-- Dumping data for table `users`
--

INSERT INTO `users` (`id`, `email`, `password`) VALUES
(1, 'santosh.sarkar@hcd.ca.gov', 'sarkar@1234'),
(2, 'test', 'test');

-- --------------------------------------------------------

--
-- Structure for view `server_info`
--
DROP TABLE IF EXISTS `server_info`;

CREATE ALGORITHM=UNDEFINED DEFINER=`root`@`localhost` SQL SECURITY DEFINER VIEW `server_info`  AS  select `a`.`ipaddress` AS `ipaddress`,`b`.`dns` AS `dns`,`b`.`caption` AS `caption`,`d`.`vendor` AS `vendor`,`d`.`osversion` AS `osversion`,`f`.`portname` AS `portname`,`f`.`port` AS `port`,`c`.`purpose` AS `purpose` from ((((((`hostfact` `x` left join `ipaddress` `a` on(`a`.`id` = `x`.`ipaddress_id`)) left join `dns_hosts` `b` on(`b`.`id` = `x`.`dns_hosts_id`)) left join `os_info` `d` on(`d`.`id` = `x`.`os_info_id`)) left join `ports_ipaddress` `e` on(`x`.`ipaddress_id` = `e`.`ipaddress_id`)) left join `ports` `f` on(`e`.`ports_id` = `f`.`id`)) left join `purpose` `c` on(`b`.`dns` = `c`.`dns`)) ;

--
-- Indexes for dumped tables
--

--
-- Indexes for table `application`
--
ALTER TABLE `application`
  ADD PRIMARY KEY (`id`);

--
-- Indexes for table `containers`
--
ALTER TABLE `containers`
  ADD PRIMARY KEY (`id`),
  ADD KEY `container_application_fk` (`application_id`),
  ADD KEY `container_container_type_fk` (`container_type_id`),
  ADD KEY `container_hostfact_fk` (`hostfact_id`),
  ADD KEY `container_server_role_fk` (`server_role_id`);

--
-- Indexes for table `container_type`
--
ALTER TABLE `container_type`
  ADD PRIMARY KEY (`id`);

--
-- Indexes for table `dns_hosts`
--
ALTER TABLE `dns_hosts`
  ADD PRIMARY KEY (`id`);

--
-- Indexes for table `employee`
--
ALTER TABLE `employee`
  ADD PRIMARY KEY (`id`);

--
-- Indexes for table `hostfact`
--
ALTER TABLE `hostfact`
  ADD PRIMARY KEY (`id`),
  ADD KEY `hostfact_dns_hosts_fk` (`dns_hosts_id`),
  ADD KEY `hostfact_ipaddress_fk` (`ipaddress_id`),
  ADD KEY `hostfact_os_info_fk` (`os_info_id`);

--
-- Indexes for table `ipaddress`
--
ALTER TABLE `ipaddress`
  ADD PRIMARY KEY (`id`);

--
-- Indexes for table `os_info`
--
ALTER TABLE `os_info`
  ADD PRIMARY KEY (`id`);

--
-- Indexes for table `owner`
--
ALTER TABLE `owner`
  ADD PRIMARY KEY (`id`);

--
-- Indexes for table `owner_application`
--
ALTER TABLE `owner_application`
  ADD PRIMARY KEY (`id`),
  ADD KEY `owner_application_application_fk` (`application_id`),
  ADD KEY `owner_application_owner_fk` (`owner_id`);

--
-- Indexes for table `ports`
--
ALTER TABLE `ports`
  ADD PRIMARY KEY (`id`);

--
-- Indexes for table `ports_ipaddress`
--
ALTER TABLE `ports_ipaddress`
  ADD PRIMARY KEY (`id`),
  ADD KEY `ports_ipaddress_ipaddress_fk` (`ipaddress_id`),
  ADD KEY `ports_ipaddress_ports_fk` (`ports_id`);

--
-- Indexes for table `purpose`
--
ALTER TABLE `purpose`
  ADD PRIMARY KEY (`id`),
  ADD KEY `purpose_hostfact_fk` (`hostfact_id`);

--
-- Indexes for table `server_role`
--
ALTER TABLE `server_role`
  ADD PRIMARY KEY (`id`);

--
-- Indexes for table `transaction_table`
--
ALTER TABLE `transaction_table`
  ADD PRIMARY KEY (`id`);

--
-- Indexes for table `user`
--
ALTER TABLE `user`
  ADD PRIMARY KEY (`id`);

--
-- Indexes for table `users`
--
ALTER TABLE `users`
  ADD PRIMARY KEY (`id`);

--
-- AUTO_INCREMENT for dumped tables
--

--
-- AUTO_INCREMENT for table `application`
--
ALTER TABLE `application`
  MODIFY `id` int(11) NOT NULL AUTO_INCREMENT, AUTO_INCREMENT=14;

--
-- AUTO_INCREMENT for table `containers`
--
ALTER TABLE `containers`
  MODIFY `id` int(11) NOT NULL AUTO_INCREMENT;

--
-- AUTO_INCREMENT for table `container_type`
--
ALTER TABLE `container_type`
  MODIFY `id` int(11) NOT NULL AUTO_INCREMENT, AUTO_INCREMENT=4;

--
-- AUTO_INCREMENT for table `dns_hosts`
--
ALTER TABLE `dns_hosts`
  MODIFY `id` int(11) NOT NULL AUTO_INCREMENT, AUTO_INCREMENT=413;

--
-- AUTO_INCREMENT for table `hostfact`
--
ALTER TABLE `hostfact`
  MODIFY `id` int(11) NOT NULL AUTO_INCREMENT, AUTO_INCREMENT=12784;

--
-- AUTO_INCREMENT for table `ipaddress`
--
ALTER TABLE `ipaddress`
  MODIFY `id` int(11) NOT NULL AUTO_INCREMENT, AUTO_INCREMENT=4014;

--
-- AUTO_INCREMENT for table `os_info`
--
ALTER TABLE `os_info`
  MODIFY `id` int(11) NOT NULL AUTO_INCREMENT, AUTO_INCREMENT=38;

--
-- AUTO_INCREMENT for table `owner`
--
ALTER TABLE `owner`
  MODIFY `id` int(11) NOT NULL AUTO_INCREMENT;

--
-- AUTO_INCREMENT for table `owner_application`
--
ALTER TABLE `owner_application`
  MODIFY `id` int(11) NOT NULL AUTO_INCREMENT;

--
-- AUTO_INCREMENT for table `ports`
--
ALTER TABLE `ports`
  MODIFY `id` int(11) NOT NULL AUTO_INCREMENT, AUTO_INCREMENT=15;

--
-- AUTO_INCREMENT for table `ports_ipaddress`
--
ALTER TABLE `ports_ipaddress`
  MODIFY `id` int(11) NOT NULL AUTO_INCREMENT, AUTO_INCREMENT=4764;

--
-- AUTO_INCREMENT for table `purpose`
--
ALTER TABLE `purpose`
  MODIFY `id` int(11) NOT NULL AUTO_INCREMENT, AUTO_INCREMENT=9;

--
-- AUTO_INCREMENT for table `server_role`
--
ALTER TABLE `server_role`
  MODIFY `id` int(11) NOT NULL AUTO_INCREMENT, AUTO_INCREMENT=5;

--
-- AUTO_INCREMENT for table `transaction_table`
--
ALTER TABLE `transaction_table`
  MODIFY `id` int(11) NOT NULL AUTO_INCREMENT, AUTO_INCREMENT=9;

--
-- AUTO_INCREMENT for table `users`
--
ALTER TABLE `users`
  MODIFY `id` int(11) NOT NULL AUTO_INCREMENT, AUTO_INCREMENT=3;

--
-- Constraints for dumped tables
--

--
-- Constraints for table `containers`
--
ALTER TABLE `containers`
  ADD CONSTRAINT `container_application_fk` FOREIGN KEY (`application_id`) REFERENCES `application` (`id`),
  ADD CONSTRAINT `container_container_type_fk` FOREIGN KEY (`container_type_id`) REFERENCES `container_type` (`id`),
  ADD CONSTRAINT `container_hostfact_fk` FOREIGN KEY (`hostfact_id`) REFERENCES `hostfact` (`id`),
  ADD CONSTRAINT `container_server_role_fk` FOREIGN KEY (`server_role_id`) REFERENCES `server_role` (`id`);

--
-- Constraints for table `hostfact`
--
ALTER TABLE `hostfact`
  ADD CONSTRAINT `hostfact_dns_hosts_fk` FOREIGN KEY (`dns_hosts_id`) REFERENCES `dns_hosts` (`id`),
  ADD CONSTRAINT `hostfact_ipaddress_fk` FOREIGN KEY (`ipaddress_id`) REFERENCES `ipaddress` (`id`),
  ADD CONSTRAINT `hostfact_os_info_fk` FOREIGN KEY (`os_info_id`) REFERENCES `os_info` (`id`);

--
-- Constraints for table `owner_application`
--
ALTER TABLE `owner_application`
  ADD CONSTRAINT `owner_application_application_fk` FOREIGN KEY (`application_id`) REFERENCES `application` (`id`),
  ADD CONSTRAINT `owner_application_owner_fk` FOREIGN KEY (`owner_id`) REFERENCES `owner` (`id`);

--
-- Constraints for table `ports_ipaddress`
--
ALTER TABLE `ports_ipaddress`
  ADD CONSTRAINT `ports_ipaddress_ipaddress_fk` FOREIGN KEY (`ipaddress_id`) REFERENCES `ipaddress` (`id`),
  ADD CONSTRAINT `ports_ipaddress_ports_fk` FOREIGN KEY (`ports_id`) REFERENCES `ports` (`id`);
COMMIT;

/*!40101 SET CHARACTER_SET_CLIENT=@OLD_CHARACTER_SET_CLIENT */;
/*!40101 SET CHARACTER_SET_RESULTS=@OLD_CHARACTER_SET_RESULTS */;
/*!40101 SET COLLATION_CONNECTION=@OLD_COLLATION_CONNECTION */;
